"RK",TIERS,"PLAYER NAME",TEAM,"POS","AGE","BEST","WORST","AVG.","STD.DEV","ECR VS. ADP"
"1",1,"Ja'Marr Chase",CIN,"WR1","26","1","2","1.1","0.3","+2"
"2",1,"Jaxon Smith-Njigba",SEA,"WR2","24","2","5","3.0","1.3","+3"
"3",1,"Puka Nacua",LAR,"WR3","25","3","5","3.7","0.8","+1"
"4",1,"Bijan Robinson",ATL,"RB1","24","2","5","3.8","1.2","-3"
"5",1,"Jahmyr Gibbs",DET,"RB2","24","2","6","4.3","1.4","-3"
"6",2,"Amon-Ra St. Brown",DET,"WR4","26","4","9","5.8","1.8","0"
"7",2,"Justin Jefferson",MIN,"WR5","27","6","12","8.1","1.8","+1"
"8",2,"CeeDee Lamb",DAL,"WR6","27","7","13","9.4","2.3","+4"
"9",2,"Ashton Jeanty",LV,"RB3","22","8","16","11.0","2.6","-2"
"10",2,"Malik Nabers",NYG,"WR7","23","8","19","11.8","3.2","0"
"11",2,"Drake London",ATL,"WR8","25","10","14","12.0","1.7","+8"
"12",3,"James Cook III",BUF,"RB4","26","8","20","14.4","3.8","+5"
"13",3,"Jonathan Taylor",IND,"RB5","27","9","28","16.3","6.0","0"
"14",3,"De'Von Achane",MIA,"RB6","24","10","24","16.3","3.9","0"
"15",3,"Jeremiyah Love",ARI,"RB7","21","9","62","16.7","13.9","0"
"16",3,"Nico Collins",HOU,"WR9","27","14","24","17.4","3.1","+11"
"17",3,"Brock Bowers",LV,"TE1","23","6","23","17.7","5.5","-6"
"18",3,"Tetairoa McMillan",CAR,"WR10","23","14","27","18.7","4.1","+6"
"19",3,"George Pickens",DAL,"WR11","25","14","27","19.7","4.0","+2"
"20",3,"Omarion Hampton",LAC,"RB8","23","12","35","20.0","6.1","-4"
"21",4,"Josh Allen",BUF,"QB1","30","19","25","21.2","2.3","-12"
"22",4,"Chris Olave",NO,"WR12","26","20","29","24.7","3.1","+8"
"23",4,"Emeka Egbuka",TB,"WR13","23","18","38","25.8","6.3","0"
"24",4,"Trey McBride",ARI,"TE2","26","9","33","26.1","7.6","-6"
"25",4,"Kenneth Walker III",KC,"RB9","25","15","50","28.4","10.9","+1"
"26",4,"Drake Maye",NE,"QB2","24","19","49","28.5","7.2","-4"
"",4
"27",4,"Garrett Wilson",NYJ,"WR14","26","22","41","29.7","5.5","+9"
"28",4,"Zay Flowers",BAL,"WR15","25","26","41","30.8","3.9","+19"
"29",4,"Lamar Jackson",BAL,"QB3","29","24","42","31.8","6.2","+2"
"30",5,"DeVonta Smith",PHI,"WR16","27","24","43","33.7","5.7","+19"
"31",5,"Ladd McConkey",LAC,"WR17","24","27","40","34.3","4.4","+1"
"32",5,"Tee Higgins",CIN,"WR18","27","27","44","35.1","5.5","+22"
"33",5,"A.J. Brown",NE,"WR19","29","17","48","35.2","9.2","+4"
"34",5,"Carnell Tate",TEN,"WR20","21","19","71","35.2","14.6","+6"
"35",5,"Luther Burden III",CHI,"WR21","22","21","57","35.6","9.4","+11"
"36",5,"Jayden Daniels",WAS,"QB4","25","28","46","37.1","6.0","+6"
"37",5,"Colston Loveland",CHI,"TE3","22","18","47","38.3","7.8","-8"
"38",5,"Breece Hall",NYJ,"RB10","25","24","59","38.5","11.5","-3"
"39",5,"Chase Brown",CIN,"RB11","26","21","50","39.3","6.5","-14"
"40",5,"Rashee Rice",KC,"WR22","26","22","76","41.3","15.9","-1"
"41",5,"Joe Burrow",CIN,"QB5","29","28","51","41.9","6.1","-3"
"42",5,"Tyler Warren",IND,"TE4","24","29","48","43.3","6.1","-8"
"43",5,"Jaylen Waddle",DEN,"WR23","27","34","60","44.4","7.7","+19"
"44",6,"Christian McCaffrey",SF,"RB12","30","11","65","46.9","18.1","-24"
"45",6,"Rome Odunze",CHI,"WR24","24","34","59","46.9","9.2","+5"
"46",6,"Caleb Williams",CHI,"QB6","24","36","64","46.9","8.0","+5"
"47",6,"Makai Lemon",PHI,"WR25","22","33","83","48.5","15.5","+19"
"48",6,"Justin Herbert",LAC,"QB7","28","42","65","49.1","6.1","+24"
"49",6,"Tucker Kraft",GB,"TE5","25","43","53","49.2","2.7","+9"
"50",6,"Jameson Williams",DET,"WR26","25","37","62","51.0","8.5","+15"
"51",6,"Saquon Barkley",PHI,"RB13","29","21","64","51.2","12.9","-23"
"52",6,"Jordyn Tyson",NO,"WR27","22","33","82","53.7","18.8","+11"
"53",6,"Jalen Hurts",PHI,"QB8","28","45","67","54.8","5.9","+4"
"54",6,"Patrick Mahomes II",KC,"QB9","30","46","72","55.8","7.5","+27"
"55",6,"Quinshon Judkins",CLE,"RB14","22","40","80","55.9","10.5","-14"
"56",6,"TreVeyon Henderson",NE,"RB15","23","35","98","56.0","19.8","-23"
"57",6,"Harold Fannin Jr.",CLE,"TE6","22","48","69","56.5","6.0","-4"
"58",6,"Kyren Williams",LAR,"RB16","26","47","66","56.6","5.7","-14"
"59",6,"Trevor Lawrence",JAC,"QB10","26","51","95","58.9","11.2","+33"
"60",6,"Marvin Harrison Jr.",ARI,"WR28","24","40","75","59.7","10.4","+1"
"61",7,"Kyle Pitts Sr.",ATL,"TE7","25","53","70","60.1","5.1","+6"
"62",7,"Sam LaPorta",DET,"TE8","25","53","69","60.3","4.3","-7"
"63",7,"Christian Watson",GB,"WR29","27","40","79","60.8","11.3","+13"
"64",7,"Bucky Irving",TB,"RB17","24","45","79","63.6","10.2","-21"
"65",7,"Brian Thomas Jr.",JAC,"WR30","23","41","80","65.4","13.0","-1"
"66",7,"Terry McLaurin",WAS,"WR31","30","36","82","66.3","14.1","+11"
"67",7,"Brock Purdy",SF,"QB11","26","54","114","67.1","15.4","+40"
"68",7,"Javonte Williams",DAL,"RB18","26","55","80","67.3","7.3","-16"
"69",7,"Travis Etienne Jr.",NO,"RB19","27","60","80","68.8","4.8","-10"
"70",7,"Jaxson Dart",NYG,"QB12","23","56","110","69.0","15.5","+3"
"71",7,"Cam Skattebo",NYG,"RB20","24","63","90","71.8","8.3","-26"
"72",7,"DJ Moore",BUF,"WR32","29","57","83","73.3","6.9","+2"
"73",7,"KC Concepcion",CLE,"WR33","21","43","113","73.5","19.0","+2"
"74",7,"Alec Pierce",IND,"WR34","26","67","83","74.5","4.6","+16"
"75",7,"Parker Washington",JAC,"WR35","24","57","106","75.8","13.3","+5"
"76",7,"Bo Nix",DEN,"QB13","26","61","96","76.1","11.0","+7"
"77",7,"Jadarian Price",SEA,"RB21","22","60","92","76.3","11.3","-17"
"78",7,"Josh Jacobs",GB,"RB22","28","58","88","77.8","10.0","-22"
"79",7,"Derrick Henry",BAL,"RB23","32","39","88","77.8","15.2","-31"
"80",8,"DK Metcalf",PIT,"WR36","28","73","93","81.3","7.1","+14"
"81",8,"Bhayshul Tuten",JAC,"RB24","23","74","88","82.3","5.3","-13"
"82",8,"Isaiah Likely",NYG,"TE9","26","69","103","82.4","8.4","+16"
"83",8,"Davante Adams",LAR,"WR37","33","41","120","85.6","23.1","-5"
"84",8,"Jordan Addison",MIN,"WR38","24","73","95","85.9","6.5","0"
"85",8,"D'Andre Swift",CHI,"RB25","27","76","97","86.5","5.9","-16"
"86",8,"Dalton Kincaid",BUF,"TE10","26","69","114","86.8","11.8","-1"
"87",8,"Dak Prescott",DAL,"QB14","33","63","135","87.6","18.0","+19"
"88",8,"Kenyon Sadiq",NYJ,"TE11","21","66","155","88.0","25.9","+1"
"89",8,"George Kittle",SF,"TE12","32","64","116","91.2","17.5","+15"
"90",8,"Jordan Love",GB,"QB15","27","72","116","93.7","12.5","+43"
"",8
"91",8,"Michael Wilson",ARI,"WR39","26","81","113","94.6","8.8","-12"
"92",8,"Mike Evans",SF,"WR40","33","50","112","94.8","14.9","+1"
"93",8,"Denzel Boston",CLE,"WR41","22","72","124","96.3","17.9","+9"
"94",8,"Wan'Dale Robinson",TEN,"WR42","25","85","105","96.8","5.5","-6"
"95",8,"Courtland Sutton",DEN,"WR43","30","82","108","96.8","9.2","+14"
"96",8,"Quentin Johnston",LAC,"WR44","24","89","112","98.3","5.2","+12"
"97",8,"David Montgomery",HOU,"RB26","29","73","120","99.0","11.1","-27"
"98",8,"Michael Pittman Jr.",PIT,"WR45","28","84","118","99.4","10.1","+7"
"99",8,"Xavier Worthy",KC,"WR46","23","84","115","100.5","8.4","+14"
"100",8,"Josh Downs",IND,"WR47","25","87","113","101.0","8.2","+14"
"101",8,"Omar Cooper Jr.",NYJ,"WR48","22","76","143","102.3","23.8","-6"
"102",8,"Jayden Reed",GB,"WR49","26","83","116","103.3","7.5","+16"
"103",9,"Jakobi Meyers",JAC,"WR50","29","93","124","106.4","8.8","+27"
"104",9,"Jayden Higgins",HOU,"WR51","23","83","171","106.9","23.6","-"
"105",9,"Jared Goff",DET,"QB16","31","91","163","109.3","19.0","+37"
"106",9,"Matthew Golden",GB,"WR52","23","95","119","109.6","8.1","-6"
"107",9,"Chris Godwin Jr.",TB,"WR53","30","91","131","109.8","12.5","+22"
"108",9,"Jaylen Warren",PIT,"RB27","27","92","132","110.4","14.2","-22"
"109",9,"Brenton Strange",JAC,"TE13","25","89","128","112.7","12.4","+7"
"110",9,"Jake Ferguson",DAL,"TE14","27","87","130","113.8","11.4","-14"
"111",9,"Romeo Doubs",NE,"WR54","26","95","134","114.4","10.1","+14"
"112",9,"Eli Stowers",PHI,"TE15","23","69","207","116.6","50.0","+11"
"113",9,"Blake Corum",LAR,"RB28","25","98","135","116.7","14.1","-16"
"114",9,"Kyle Monangai",CHI,"RB29","24","98","159","117.9","18.3","-32"
"115",9,"Fernando Mendoza",LV,"QB17","22","91","154","119.5","21.3","-4"
"116",9,"Dallas Goedert",PHI,"TE16","31","77","155","122.0","23.5","+31"
"117",9,"Baker Mayfield",TB,"QB18","31","91","162","122.1","18.2","+10"
"118",9,"Jalen Coker",CAR,"WR55","24","108","131","123.0","5.7","+10"
"119",9,"C.J. Stroud",HOU,"QB19","24","110","141","123.0","13.7","+30"
"120",9,"Khalil Shakir",BUF,"WR56","26","110","135","123.0","8.4","+14"
"121",9,"Oronde Gadsden II",LAC,"TE17","23","89","184","123.3","24.4","-34"
"122",9,"RJ Harvey",DEN,"RB30","25","97","146","123.3","14.9","-51"
"123",9,"Mark Andrews",BAL,"TE18","31","99","154","124.8","15.4","+18"
"124",9,"Cam Ward",TEN,"QB20","24","109","161","125.7","15.8","+32"
"125",9,"Tyler Shough",NO,"QB21","26","110","175","130.2","16.0","+68"
"126",9,"Rico Dowdle",PIT,"RB31","28","104","146","130.8","12.6","-27"
"127",9,"Jonathon Brooks",CAR,"RB32","23","98","178","131.0","24.9","-26"
"128",9,"Zach Charbonnet",SEA,"RB33","25","86","194","131.6","31.6","-11"
"129",9,"Rhamondre Stevenson",NE,"RB34","28","103","149","132.1","12.2","-26"
"130",9,"Chuba Hubbard",CAR,"RB35","27","106","158","133.0","16.8","-39"
"131",9,"Malik Willis",MIA,"QB22","27","118","147","134.3","9.8","+99"
"132",10,"Kyler Murray",MIN,"QB23","29","109","178","136.2","16.4","+66"
"133",10,"Matthew Stafford",LAR,"QB24","38","91","176","137.6","20.3","-1"
"134",10,"Terrance Ferguson",LAR,"TE19","23","109","171","137.8","21.5","+41"
"135",10,"Jonah Coleman",DEN,"RB36","23","100","204","139.1","27.6","-16"
"136",10,"Tre' Harris",LAC,"WR57","24","112","173","139.8","17.6","+36"
"137",10,"Sam Darnold",SEA,"QB25","29","127","160","140.8","7.7","+63"
"138",10,"Stefon Diggs",WAS,"WR58","32","115","183","142.0","22.8","+10"
"139",10,"Tony Pollard",TEN,"RB37","29","112","181","143.2","22.7","-18"
"140",10,"Antonio Williams",WAS,"WR59","22","112","198","144.0","27.8","+23"
"141",10,"Rashid Shaheed",SEA,"WR60","28","113","182","144.3","21.2","+5"
"142",10,"Chig Okonkwo",WAS,"TE20","26","118","187","144.3","22.7","+25"
"143",10,"De'Zhaun Stribling",SF,"WR61","23","88","259","145.5","44.8","-4"
"144",10,"AJ Barner",SEA,"TE21","24","114","164","146.3","17.4","-9"
"145",10,"Daniel Jones",IND,"QB26","29","139","154","147.0","4.4","+96"
"146",10,"Kenny Gainwell",TB,"RB38","27","111","168","147.8","16.4","-24"
"147",10,"Travis Kelce",KC,"TE22","36","88","177","149.0","22.2","-16"
"148",10,"Jalen McMillan",TB,"WR62","24","125","194","149.3","20.4","+3"
"149",10,"Ricky Pearsall",SF,"WR63","25","99","175","128.1","26.4","-"
"150",10,"Jacory Croskey-Merritt",WAS,"RB39","25","138","162","151.3","7.2","-40"
"151",10,"Adonai Mitchell",NYJ,"WR64","23","126","183","153.8","20.6","+64"
"152",10,"Bryce Young",CAR,"QB27","25","142","203","154.3","16.1","+79"
"153",10,"J.K. Dobbins",DEN,"RB40","27","133","178","154.6","13.1","-38"
"154",10,"Travis Hunter",JAC,"WR65","23","105","192","155.1","23.8","-42"
"155",10,"Germie Bernard",PIT,"WR66","22","115","214","155.2","28.2","-18"
"156",10,"Juwan Johnson",NO,"TE23","29","117","184","155.3","20.7","+3"
"157",10,"Chris Bell",MIA,"WR67","22","117","234","156.2","40.9","-12"
"158",10,"Rachaad White",WAS,"RB41","27","129","182","157.4","15.0","-18"
"159",10,"Jauan Jennings",MIN,"WR68","29","127","209","158.4","21.6","+18"
"160",10,"Jordan Mason",MIN,"RB42","27","146","191","161.9","13.0","-34"
"161",10,"Jaylin Noel",HOU,"WR69","24","125","216","162.1","25.1","+81"
"162",10,"T.J. Hockenson",MIN,"TE24","29","144","186","165.2","14.1","-1"
"163",10,"Pat Bryant",DEN,"WR70","23","135","198","165.3","20.0","+48"
"164",10,"Jerry Jeudy",CLE,"WR71","27","124","192","166.8","21.0","+44"
"165",10,"Tyler Allgeier",ARI,"RB43","26","132","197","168.6","16.5","-45"
"166",11,"Hunter Henry",NE,"TE25","31","124","231","170.5","33.4","+8"
"167",11,"Woody Marks",HOU,"RB44","25","148","191","172.4","11.6","-43"
"168",11,"Ted Hurst III",TB,"WR72","22","125","260","173.3","37.4","+37"
"169",11,"Deebo Samuel Sr.",SF,"WR73","30","128","237","173.9","37.2","-14"
"170",11,"Tyrone Tracy Jr.",NYG,"RB45","26","155","193","173.9","10.8","-27"
"171",11,"Emmett Johnson",KC,"RB46","22","140","202","174.4","21.1","-27"
"172",11,"Chris Rodriguez Jr.",JAC,"RB47","26","129","202","174.8","20.4","-10"
"173",11,"Kayshon Boutte",HOU,"WR74","24","138","248","176.9","25.6","+5"
"174",11,"Michael Penix Jr.",ATL,"QB28","26","154","204","177.1","18.7","+105"
"175",11,"Ja'Kobi Lane",BAL,"WR75","22","128","255","178.4","39.1","-25"
"176",11,"Isaac TeSlaa",DET,"WR76","24","122","237","178.5","30.3","-5"
"177",11,"Troy Franklin",DEN,"WR77","23","148","212","179.3","21.4","+30"
"178",11,"Nicholas Singleton",TEN,"RB48","22","146","221","181.2","22.0","-42"
"179",11,"Dylan Sampson",CLE,"RB49","21","162","216","182.3","17.5","-21"
"180",11,"Gunnar Helm",TEN,"TE26","23","153","219","182.7","17.0","-1"
"181",11,"Aaron Jones Sr.",MIN,"RB50","31","155","209","183.6","21.1","-28"
"182",11,"Elijah Sarratt",BAL,"WR78","23","143","238","183.8","31.3","-28"
"183",11,"Keaton Mitchell",LAC,"RB51","24","136","216","185.6","18.5","-14"
"184",11,"Malachi Fields",NYG,"WR79","23","145","237","187.3","31.6","-16"
"185",11,"Mike Washington Jr.",LV,"RB52","23","156","230","189.2","23.2","-21"
"186",11,"Zachariah Branch",ATL,"WR80","22","138","223","189.3","24.3","-48"
"187",11,"Dalton Schultz",HOU,"TE27","30","129","255","190.8","31.3","+27"
"188",11,"Tyjae Spears",TEN,"RB53","25","178","217","196.2","11.8","-31"
"189",11,"Ty Simpson",LAR,"QB29","23","147","177","156.3","9.4","+14"
"190",11,"Jalen Nailor",LV,"WR81","27","151","283","197.8","38.5","+12"
"191",11,"Dontayvion Wicks",PHI,"WR82","25","157","282","197.9","34.2","+73"
"192",11,"Cade Otton",TB,"TE28","27","171","234","199.8","19.5","+55"
"193",11,"Braelon Allen",NYJ,"RB54","22","181","220","201.9","14.6","-41"
"194",11,"Tank Bigsby",PHI,"RB55","24","182","220","202.1","14.5","-34"
"195",11,"Shedeur Sanders",CLE,"QB30","24","174","222","204.0","13.1","+74"
"196",11,"Kaytron Allen",WAS,"RB56","23","146","245","204.7","24.1","+5"
"197",11,"David Njoku",LAC,"TE29","30","184","244","205.8","17.8","+21"
"198",11,"Elic Ayomanor",TEN,"WR83","23","165","260","208.3","30.2","+50"
"199",11,"Tre Tucker",LV,"WR84","25","152","265","208.6","40.4","+35"
"200",11,"Isiah Pacheco",DET,"RB57","27","178","262","212.1","23.1","-35"
"201",12,"Tory Horton",SEA,"WR85","23","153","280","217.3","33.8","+44"
"202",12,"Ryan Flournoy",DAL,"WR86","26","161","268","201.0","33.5","+34"
"203",12,"Max Klare",LAR,"TE30","23","177","328","218.0","45.4","+41"
"204",12,"Skyler Bell",BUF,"WR87","24","137","271","202.6","41.1","+9"
"205",12,"Tua Tagovailoa",ATL,"QB31","28","205","268","219.3","20.3","-"
"206",12,"Jack Bech",LV,"WR88","23","185","260","219.4","23.3","+69"
"207",12,"Chimere Dike",TEN,"WR89","24","179","256","219.5","23.2","+36"
"208",12,"Calvin Ridley",TEN,"WR90","31","154","257","203.7","32.0","+66"
"209",12,"Alvin Kamara",NO,"RB58","31","178","288","220.3","33.2","-36"
"210",12,"Brian Robinson Jr.",ATL,"RB59","27","185","298","220.4","30.3","-6"
"211",12,"Pat Freiermuth",PIT,"TE31","27","182","255","205.6","20.8","+39"
"212",12,"Mason Taylor",NYJ,"TE32","22","186","243","205.6","15.2","-36"
"213",12,"Kimani Vidal",LAC,"RB60","25","202","290","227.0","21.0","-4"
"214",12,"Darnell Mooney",NYG,"WR91","28","175","236","211.6","20.6","+70"
"215",12,"Kyle Williams",NE,"WR92","23","174","351","227.4","43.1","+68"
"216",12,"Keon Coleman",BUF,"WR93","23","190","344","232.4","38.2","-4"
"217",12,"Rashod Bateman",BAL,"WR94","26","173","240","217.3","23.3","+51"
"218",12,"Chris Brazzell II",CAR,"WR95","22","153","312","201.4","47.8","+20"
"219",12,"Demond Claiborne",MIN,"RB61","22","174","287","235.4","38.8","+10"
"220",12,"Malik Washington",MIA,"WR96","25","175","277","224.3","32.8","-14"
"221",12,"Greg Dulcich",MIA,"TE33","26","143","260","188.2","33.5","-"
"222",12,"Tank Dell",HOU,"WR97","26","180","307","227.2","39.2","-52"
"223",12,"Cyrus Allen",KC,"WR98","23","169","272","213.5","28.9","-28"
"224",12,"Eli Raridon",NE,"TE34","22","149","343","214.0","59.7","+35"
"225",12,"MarShawn Lloyd",GB,"RB62","25","169","322","231.6","48.9","0"
"226",12,"Ray Davis",BUF,"RB63","26","204","291","246.8","24.7","+14"
"227",12,"Ollie Gordon II",MIA,"RB64","22","222","301","247.1","28.6","+10"
"228",12,"Aaron Rodgers",PIT,"QB32","42","169","270","233.2","31.8","-"
"229",12,"Denver Broncos",DEN,"DST1","-","225","248","233.3","6.4","-44"
"230",12,"Marvin Mims Jr.",DEN,"WR99","24","214","350","247.9","33.6","-"
"231",12,"Tyreek Hill",FA,"WR100","32","209","276","235.2","20.8","-11"
"232",12,"Oscar Delp",NO,"TE35","23","123","376","220.2","68.8","+40"
"233",12,"Geno Smith",NYJ,"QB33","35","179","298","238.0","30.6","-"
"234",12,"J.J. McCarthy",MIN,"QB34","23","191","256","224.2","20.8","-"
"235",12,"Sean Tucker",TB,"RB65","24","207","310","253.7","32.7","+11"
"236",12,"Houston Texans",HOU,"DST2","-","228","310","240.7","22.7","-53"
"237",12,"Jacoby Brissett",ARI,"QB35","33","150","314","226.4","42.6","-"
"238",12,"Jaylen Wright",MIA,"RB66","23","222","319","255.8","32.0","+1"
"239",12,"Brandon Aubrey",DAL,"K1","31","206","249","242.7","12.0","-59"
"240",12,"Philadelphia Eagles",PHI,"DST3","-","228","252","243.3","7.6","-53"
"241",12,"Christian Kirk",SF,"WR101","29","211","343","243.6","35.2","-"
"242",12,"Caleb Douglas",MIA,"WR102","22","170","270","210.9","31.7","-19"
"243",12,"Bryce Lance",NO,"WR103","24","148","268","211.1","36.0","-"
"244",12,"Los Angeles Rams",LAR,"DST4","-","232","301","248.0","18.3","-63"
"245",12,"James Conner",ARI,"RB67","31","217","363","261.1","42.6","-29"
"246",12,"Cam Little",JAC,"K2","23","243","253","248.6","3.1","-60"
"247",12,"Seattle Seahawks",SEA,"DST5","-","231","305","249.4","20.7","-65"
"248",12,"Emanuel Wilson",SEA,"RB68","27","191","305","262.3","42.0","+3"
"249",12,"Keenan Allen",IND,"WR104","34","173","370","251.4","47.7","+6"
"250",13,"Kaelon Black",SF,"RB69","24","191","325","253.1","45.2","-51"
"251",13,"Cameron Dicker",LAC,"K3","26","245","281","253.2","9.4","-67"
"252",13,"Theo Johnson",NYG,"TE36","25","195","305","238.6","37.1","0"
"253",13,"Kaleb Johnson",PIT,"RB70","23","197","339","266.8","47.0","-43"
"254",13,"Michael Mayer",LV,"TE37","25","207","269","226.4","18.0","+32"
"255",13,"Cooper Kupp",SEA,"WR105","33","201","372","261.7","43.2","+7"
"256",13,"Mac Jones",SF,"QB36","28","166","269","211.0","32.4","-"
"257",13,"Adam Randall",BAL,"RB71","22","200","331","268.4","48.8","-22"
"258",13,"Minnesota Vikings",MIN,"DST6","-","239","302","268.7","18.3","-61"
"259",13,"Ka'imi Fairbairn",HOU,"K4","32","247","309","269.9","20.3","-71"
"260",13,"Devin Neal",NO,"RB72","23","222","357","281.3","48.5","+22"
"261",13,"Elijah Arroyo",SEA,"TE38","23","189","347","221.8","49.0","+19"
"262",13,"Evan Engram",DEN,"TE39","32","199","319","261.7","51.1","-"
"263",13,"Xavier Legette",CAR,"WR106","25","239","360","275.0","36.0","+10"
"264",13,"Pittsburgh Steelers",PIT,"DST7","-","244","318","275.0","22.9","-72"
"265",13,"Jaydon Blue",DAL,"RB73","22","227","336","286.6","33.5","-33"
"266",13,"Jordan James",SF,"RB74","22","218","359","287.8","34.5","+5"
"267",13,"Brandon Aiyuk",SF,"WR107","28","192","357","251.3","51.3","-50"
"268",13,"Isaiah Davis",NYJ,"RB75","24","226","343","288.8","33.9","-"
"269",13,"Deshaun Watson",CLE,"QB37","30","204","272","251.6","21.1","-"
"270",13,"Chris Boswell",PIT,"K5","35","252","318","280.9","18.5","-51"
"271",13,"Devaughn Vele",NO,"WR108","28","240","361","269.4","33.3","-"
"272",13,"Will Reichard",MIN,"K6","25","242","302","270.8","21.8","-50"
"273",13,"Jason Myers",SEA,"K7","35","246","307","273.1","19.2","-84"
"274",13,"Justin Joly",DEN,"TE40","22","189","298","243.3","37.7","-"
"275",13,"Kirk Cousins",LV,"QB38","38","222","325","261.3","26.7","-"
"276",13,"Jacksonville Jaguars",JAC,"DST8","-","253","330","288.2","25.7","-48"
"277",13,"Trey Benson",ARI,"RB76","24","200","346","298.2","39.6","-111"
"278",13,"Brenen Thompson",LAC,"WR109","23","224","292","247.0","22.4","-29"
"279",13,"Kansas City Chiefs",KC,"DST9","-","233","330","289.3","30.5","-"
"280",13,"Green Bay Packers",GB,"DST10","-","255","350","290.3","30.1","-24"
"281",13,"Chase McLaughlin",TB,"K8","30","263","314","290.4","15.8","-14"
"282",13,"Evan McPherson",CIN,"K9","27","260","321","291.6","20.3","-88"
"283",13,"Wil Lutz",DEN,"K10","32","270","339","291.6","18.5","-"
"284",13,"Anthony Richardson Sr.",IND,"QB39","24","167","256","207.3","32.1","-"
"285",13,"New England Patriots",NE,"DST11","-","262","317","284.9","17.0","-95"
"286",13,"Harrison Butker",KC,"K11","31","244","353","286.5","30.0","-65"
"287",13,"Hollywood Brown",PHI,"WR110","29","238","399","288.1","51.0","-"
"288",13,"Tyler Loop",BAL,"K12","25","260","326","288.3","21.9","-31"
"289",13,"Jake Bates",DET,"K13","27","267","342","299.6","25.1","-98"
"290",13,"Baltimore Ravens",BAL,"DST12","-","276","355","300.6","24.2","-94"
"291",13,"Brashard Smith",KC,"RB77","23","225","365","309.9","39.8","-"
"292",13,"DJ Giddens",IND,"RB78","23","219","369","306.4","39.7","-16"
"293",14,"Kevin Coleman Jr.",MIA,"WR111","22","194","372","254.7","59.5","-12"
"294",14,"Carson Beck",ARI,"QB40","23","242","269","255.9","8.6","-61"
"295",14,"Colby Parkinson",LAR,"TE41","27","189","311","256.1","45.6","-"
"296",14,"Isaiah Bond",CLE,"WR112","22","242","370","300.9","47.1","-19"
"297",14,"Tez Johnson",TB,"WR113","24","227","355","277.9","40.0","-"
"298",14,"Detroit Lions",DET,"DST13","-","239","347","294.8","33.8","-74"
"299",14,"Drew Allar",PIT,"QB41","22","205","324","266.9","32.3","-41"
"300",14,"Mike Gesicki",CIN,"TE42","30","210","322","283.9","44.0","-"
"301",14,"Los Angeles Chargers",LAC,"DST14","-","269","332","297.3","20.9","-41"
"302",14,"George Holani",SEA,"RB79","26","230","388","300.9","49.0","-"
"303",14,"Darius Slayton",NYG,"WR114","29","240","377","289.5","46.5","-"
"304",14,"Darnell Washington",PIT,"TE43","25","231","324","276.4","32.2","-"
"305",14,"DeMario Douglas",NE,"WR115","25","235","388","292.3","53.5","-"
"306",14,"Chris Brooks",GB,"RB80","26","278","342","306.0","18.6","-"
"307",14,"Cedric Tillman",FA,"WR116","26","252","403","295.6","45.8","-"
"308",14,"Tahj Brooks",CIN,"RB81","24","275","385","325.1","34.3","-"
"309",14,"Jake Tonges",SF,"TE44","27","257","359","297.5","35.4","-56"
"310",14,"Andrei Iosivas",CIN,"WR117","26","264","320","287.4","17.1","-"
"311",14,"Jalen Royals",KC,"WR118","23","236","363","289.0","35.1","-"
"312",14,"Najee Harris",NYG,"RB82","28","281","362","313.9","28.6","-16"
"313",14,"Tyquan Thornton",KC,"WR119","26","234","340","271.5","35.9","-"
"314",14,"Seth McGowan",IND,"RB83","24","272","386","315.1","36.6","-53"
"315",14,"Cole Kmet",CHI,"TE45","27","231","338","273.8","34.1","-"
"316",14,"LeQuint Allen Jr.",JAC,"RB84","22","272","363","317.2","29.0","-"
"317",14,"Cade Klubnik",NYJ,"QB42","22","258","311","275.8","21.4","-20"
"318",14,"Buffalo Bills",BUF,"DST15","-","287","347","309.4","19.5","-23"
"319",14,"Cleveland Browns",CLE,"DST16","-","276","347","309.6","21.1","-"
"320",14,"Jalen Milroe",SEA,"QB43","23","245","271","256.0","9.5","-"
"321",14,"Kendre Miller",NO,"RB85","24","281","400","329.8","39.9","-"
"322",14,"Jarquez Hunter",MIA,"RB86","23","234","368","313.4","42.3","-"
"323",14,"Jerome Ford",WAS,"RB87","26","247","354","303.1","30.1","-"
"324",14,"Cole Payton",PHI,"QB44","23","242","322","266.4","29.0","-"
"325",14,"Jake Moody",FA,"K14","26","259","327","289.2","22.3","-"
"326",14,"Jake Elliott",PHI,"K15","31","290","353","319.9","24.8","-"
"327",14,"Justin Fields",KC,"QB45","27","258","296","271.6","12.8","-"
"328",14,"Jalen Tolbert",MIA,"WR120","27","212","384","293.3","62.4","-"
"329",14,"Andy Borregales",NE,"K16","23","270","332","294.3","24.4","-35"
"330",14,"Joe Milton III",DAL,"QB46","26","241","297","276.6","21.1","-"
"331",14,"Taylen Green",CLE,"QB47","23","268","301","277.0","12.6","-"
"332",14,"Marcus Mariota",WAS,"QB48","32","269","291","277.2","9.7","-"
"333",14,"Ben Sinnott",WAS,"TE46","24","264","365","313.1","32.7","-"
"334",14,"Charlie Kolar",LAC,"TE47","27","206","388","302.2","64.7","-"
"335",14,"Jameis Winston",NYG,"QB49","32","267","312","285.4","15.6","-"
"336",14,"Malik Davis",DAL,"RB88","27","264","315","286.6","17.9","-"
"337",14,"Eddy Pineiro",SF,"K17","30","281","334","305.7","19.1","-39"
"338",14,"Ja'Tavion Sanders",CAR,"TE48","23","261","387","322.0","36.3","-"
"339",14,"Trevor Etienne",CAR,"RB89","22","268","393","339.6","42.0","-"
"340",14,"Matt Hibner",BAL,"TE49","24","218","335","290.6","42.5","-"
"341",14,"Erick All Jr.",CIN,"TE50","25","263","344","310.5","27.7","-"
"342",14,"Justice Hill",BAL,"RB90","28","268","386","324.3","42.8","-51"
"343",14,"Quinn Ewers",MIA,"QB50","23","265","331","294.0","22.1","-"
"344",14,"Sam Roush",CHI,"TE51","22","218","301","269.5","34.5","-"
"345",14,"Will Howard",PIT,"QB51","24","265","316","296.2","18.3","-"
"346",14,"Isaac Guerendo",SF,"RB91","26","301","397","343.1","35.5","-"
"347",14,"Joshua Karty",FA,"K18","24","258","337","297.4","31.5","-"
"348",14,"Eli Heidenreich",PIT,"RB92","23","295","329","314.8","13.3","-"
"349",15,"Tanner Koziol",JAC,"TE52","22","196","358","300.2","55.7","-"
"350",15,"Luke McCaffrey",WAS,"WR121","25","260","398","317.2","46.5","-"
"351",15,"Devin Singletary",NYG,"RB93","29","273","357","305.2","27.9","-"
"352",15,"Spencer Rattler",NO,"QB52","25","276","291","282.0","6.4","-"
"353",15,"Tyler Higbee",LAR,"TE53","33","223","380","306.4","65.9","-"
"354",15,"San Francisco 49ers",SF,"DST17","-","291","355","308.6","24.6","-127"
"355",15,"Riley Leonard",IND,"QB53","23","282","351","309.0","27.7","-"
"356",15,"Calvin Austin III",NYG,"WR122","27","226","375","312.2","57.9","-"
"357",15,"Harrison Mevis",LAR,"K19","24","288","339","313.8","18.8","-131"
"358",15,"New Orleans Saints",NO,"DST18","-","212","355","292.3","53.4","-"
"359",15,"Jahan Dotson",ATL,"WR123","26","248","354","295.0","38.1","-"
"360",15,"J'Mari Taylor",JAC,"RB94","24","301","364","330.3","24.9","-94"
"361",15,"Joshua Palmer",BUF,"WR124","26","265","378","316.4","48.5","-"
"362",15,"Mack Hollins",NE,"WR125","32","239","377","316.8","50.3","-"
"363",15,"Malik Benson",LV,"WR126","23","229","369","298.0","62.1","-71"
"364",15,"Zavion Thomas",CHI,"WR127","22","242","400","318.8","59.9","-"
"365",15,"Cairo Santos",CHI,"K20","34","258","342","299.5","30.5","-"
"366",15,"Ty Johnson",BUF,"RB95","28","272","393","334.0","44.9","-"
"367",15,"Savion Williams",GB,"WR128","24","313","330","320.8","7.2","-"
"368",15,"Konata Mumpfield",LAR,"WR129","23","214","361","301.0","54.2","-"
"369",15,"Blake Grupe",IND,"K21","27","271","324","302.3","22.1","-"
"370",15,"Deion Burks",IND,"WR130","23","195","396","322.4","72.6","-"
"371",15,"Chicago Bears",CHI,"DST19","-","200","341","270.3","57.6","-78"
"372",15,"Garrett Nussmeier",KC,"QB54","24","307","334","325.8","10.2","-"
"373",15,"Dawson Knox",BUF,"TE54","29","296","351","330.2","23.4","-"
"374",15,"Samaje Perine",CIN,"RB96","30","295","398","330.4","38.8","-"
"375",15,"Jack Endries",CIN,"TE55","22","212","376","330.8","60.1","-"
"376",15,"Michael Trigg",DAL,"TE56","24","207","389","332.4","66.0","-91"
"377",15,"Noah Fant",NO,"TE57","28","256","371","334.4","40.9","-"
"378",15,"Darren Waller",CAR,"TE58","33","216","364","291.3","60.5","-"
"379",15,"Kendrick Bourne",ARI,"WR131","31","265","336","293.0","30.9","-"
"380",15,"Joe Flacco",CIN,"QB55","41","282","392","337.2","38.0","-"
"381",15,"Emari Demercado",KC,"RB97","27","302","398","348.2","39.7","-"
"382",15,"Tyler Bass",BUF,"K22","29","283","327","297.7","20.7","-119"
"383",15,"Will Shipley",PHI,"RB98","24","274","388","340.2","44.7","-"
"384",15,"Tyson Bagent",CHI,"QB56","26","264","387","340.4","44.4","-"
"385",15,"Xavier Hutchinson",HOU,"WR132","26","208","294","251.0","43.0","-"
"386",15,"Daniel Carlson",NO,"K23","31","218","293","255.5","37.5","-"
"387",15,"John Metchie III",CAR,"WR133","26","267","390","342.8","43.1","-"
"388",15,"Jaylin Lane",WAS,"WR134","24","284","381","342.8","31.8","-"
"389",15,"Jason Sanders",NYJ,"K24","30","222","353","305.7","59.3","-"
"390",15,"Trey Lance",LAC,"QB57","26","316","353","329.8","15.3","-"
"391",15,"Tai Felton",MIN,"WR135","23","245","395","345.0","53.1","-"
"392",15,"Noah Gray",KC,"TE59","27","326","374","355.2","16.4","-"
"393",15,"Mitchell Evans",CAR,"TE60","23","215","391","333.3","69.4","-"
"394",15,"Marlin Klein",HOU,"TE61","23","272","337","314.7","30.2","-"
"395",15,"Washington Commanders",WAS,"DST20","-","290","345","316.3","22.5","-"
"396",15,"Treylon Burks",WAS,"WR136","26","262","382","338.3","46.4","-"
"397",15,"Devontez Walker",BAL,"WR137","25","273","383","318.3","46.9","-"
"398",15,"KeAndre Lambert-Smith",LAC,"WR138","24","255","400","351.6","50.7","-"
"399",15,"Barion Brown",NO,"WR139","22","277","389","351.6","39.5","-111"
"400",15,"Luke Musgrave",GB,"TE62","26","338","375","352.2","13.1","-"
"401",15,"KaVontae Turpin",DAL,"WR140","30","292","370","320.7","35.0","-"
"402",15,"CJ Daniels",LAR,"WR141","24","304","390","352.8","31.1","-124"
"403",15,"Roman Hemby",LV,"RB99","24","303","392","341.0","38.7","-"
"404",15,"Nick Westbrook-Ikhine",IND,"WR142","29","254","318","286.0","32.0","-"
"405",15,"Will Levis",TEN,"QB58","27","335","367","348.0","12.7","-"
"406",15,"Audric Estime",NO,"RB100","22","308","349","332.0","17.4","-"
"407",15,"Kareem Hunt",FA,"RB101","31","306","362","333.7","22.9","-"
"408",16,"Brandon McManus",FA,"K25","35","302","311","306.5","4.5","-"
"409",16,"Arizona Cardinals",ARI,"DST21","-","303","316","309.5","6.5","-"
"410",16,"Dont'e Thornton Jr.",LV,"WR143","23","333","393","364.4","21.1","-"
"411",16,"Tutu Atwell",LAR,"WR144","26","302","390","358.3","33.5","-"
"412",16,"Trey Smack",GB,"K26","23","310","332","321.0","11.0","-158"
"413",16,"Dyami Brown",WAS,"WR145","26","243","404","348.7","74.8","-"
"414",16,"Joe Royer",CLE,"TE63","24","356","366","362.3","4.2","-"
"415",16,"Tanner McKee",PHI,"QB59","26","315","397","362.5","30.7","-"
"416",16,"Elijah Higgins",ARI,"TE64","25","352","394","370.6","15.4","-"
"417",16,"Dillon Gabriel",CLE,"QB60","25","326","387","364.0","24.5","-"
"418",16,"Tyren Montgomery",TEN,"WR146","25","317","395","364.5","29.2","-"
"419",16,"Reggie Virgil",ARI,"WR147","22","291","369","330.0","39.0","-"
"420",16,"Davis Mills",HOU,"QB61","27","316","386","354.7","29.0","-"
"421",16,"Roschon Johnson",CHI,"RB102","25","303","366","334.5","31.5","-"
"422",16,"Kendrick Law",DET,"WR148","23","293","379","336.0","43.0","-"
"423",16,"Will Kacmarek",MIA,"TE65","23","300","394","361.7","43.6","-"
"424",16,"Nate Boerkircher",JAC,"TE66","25","360","366","362.0","2.8","-"
"425",16,"Zach Ertz",FA,"TE67","35","310","376","343.0","33.0","-"
"426",16,"Jordan Whittington",LAR,"WR149","25","350","398","377.8","16.0","-"
"427",16,"Indianapolis Colts",IND,"DST22","-","342","345","343.5","1.5","-"
"428",16,"DeAndre Hopkins",BAL,"WR150","34","321","371","346.0","25.0","-"
"429",16,"Josh Cameron",JAC,"WR151","23","304","396","365.0","43.1","-"
"430",16,"Kenny Pickett",CAR,"QB62","28","358","385","367.0","12.7","-"
"431",16,"Roman Wilson",PIT,"WR152","25","319","383","351.0","32.0","-"
"432",16,"Colbie Young",CIN,"WR153","24","313","399","367.7","38.8","-"
"433",16,"Aidan O'Connell",LV,"QB63","28","340","397","368.0","23.3","-"
"434",16,"Tommy Tremble",CAR,"TE68","26","339","371","355.0","16.0","-"
"435",16,"Kaden Wetjen",PIT,"WR154","24","348","373","360.5","12.5","-"
"436",16,"Robert Henry Jr.",WAS,"RB103","24","331","391","361.0","30.0","-"
"437",16,"Gardner Minshew II",ARI,"QB64","30","340","385","362.5","22.5","-"
"438",16,"Dallen Bentley",DEN,"TE69","25","362","393","377.0","12.7","-"
"439",16,"Austin Hooper",ATL,"TE70","31","366","366","366.0","0.0","-"
"440",16,"Greg Dortch",DET,"WR155","28","343","395","369.0","26.0","-"
"441",16,"Ashton Dulin",IND,"WR156","29","345","405","375.0","30.0","-"
"442",16,"Riley Nowakowski",PIT,"TE71","24","356","394","375.0","19.0","-"
"443",16,"Luke Schoonmaker",DAL,"TE72","27","354","397","375.5","21.5","-"
"444",16,"Jeff Caldwell",KC,"WR157","23","375","396","388.3","9.5","-"