Position,Position Rank,Player,Team,Bye Week,Projected Points,Roster Status,FantasySharks PID,Player Page
QB,1,Joe Burrow,CIN,6,449,Available,14777,https://www.fantasysharks.com/players/playerpage.php?PID=14777
QB,2,Matthew Stafford,LAR,11,444,Available,9431,https://www.fantasysharks.com/players/playerpage.php?PID=9431
QB,3,Josh Allen,BUF,7,444,Other Roster,13589,https://www.fantasysharks.com/players/playerpage.php?PID=13589
QB,4,Jared Goff,DET,6,433,Available,12611,https://www.fantasysharks.com/players/playerpage.php?PID=12611
QB,5,Dak Prescott,DAL,14,428,Other Roster,12620,https://www.fantasysharks.com/players/playerpage.php?PID=12620
QB,6,Drake Maye,NEP,11,426,Other Roster,16580,https://www.fantasysharks.com/players/playerpage.php?PID=16580
QB,7,Lamar Jackson,BAL,13,426,Other Roster,13593,https://www.fantasysharks.com/players/playerpage.php?PID=13593
QB,8,Caleb Williams,CHI,10,420,Available,16579,https://www.fantasysharks.com/players/playerpage.php?PID=16579
QB,9,Patrick Mahomes,KCC,5,412,Other Roster,13116,https://www.fantasysharks.com/players/playerpage.php?PID=13116
QB,10,Jayden Daniels,WAS,7,409,Other Roster,16581,https://www.fantasysharks.com/players/playerpage.php?PID=16581
QB,11,Bo Nix,DEN,10,407,Available,16582,https://www.fantasysharks.com/players/playerpage.php?PID=16582
QB,12,Jaxson Dart,NYG,8,404,Other Roster,17032,https://www.fantasysharks.com/players/playerpage.php?PID=17032
QB,13,Trevor Lawrence,JAC,7,402,Other Roster,15237,https://www.fantasysharks.com/players/playerpage.php?PID=15237
QB,14,Justin Herbert,LAC,7,399,Other Roster,14779,https://www.fantasysharks.com/players/playerpage.php?PID=14779
QB,15,Kyler Murray,MIN,6,399,Available,14056,https://www.fantasysharks.com/players/playerpage.php?PID=14056
QB,16,Jalen Hurts,PHI,10,394,Other Roster,14783,https://www.fantasysharks.com/players/playerpage.php?PID=14783
QB,17,C.J. Stroud,HOU,8,385,Other Roster,16150,https://www.fantasysharks.com/players/playerpage.php?PID=16150
QB,18,Brock Purdy,SFO,8,383,Available,15698,https://www.fantasysharks.com/players/playerpage.php?PID=15698
QB,19,Jacoby Brissett,ARI,14,383,Available,12616,https://www.fantasysharks.com/players/playerpage.php?PID=12616
QB,20,Baker Mayfield,TBB,10,380,Other Roster,13590,https://www.fantasysharks.com/players/playerpage.php?PID=13590
QB,21,Bryce Young,CAR,5,378,Available,16148,https://www.fantasysharks.com/players/playerpage.php?PID=16148
QB,22,Jordan Love,GBP,11,377,Other Roster,14782,https://www.fantasysharks.com/players/playerpage.php?PID=14782
QB,23,Sam Darnold,SEA,11,376,Other Roster,13592,https://www.fantasysharks.com/players/playerpage.php?PID=13592
QB,24,Tyler Shough,NOS,8,371,Available,17039,https://www.fantasysharks.com/players/playerpage.php?PID=17039
QB,25,Aaron Rodgers,PIT,9,364,Available,7836,https://www.fantasysharks.com/players/playerpage.php?PID=7836
QB,26,Cam Ward,TEN,9,353,Available,17030,https://www.fantasysharks.com/players/playerpage.php?PID=17030
QB,27,Malik Willis,MIA,6,329,Available,15694,https://www.fantasysharks.com/players/playerpage.php?PID=15694
QB,28,Daniel Jones,IND,13,324,Available,14059,https://www.fantasysharks.com/players/playerpage.php?PID=14059
QB,29,Geno Smith,NYJ,13,321,Available,11150,https://www.fantasysharks.com/players/playerpage.php?PID=11150
QB,30,Tua Tagovailoa,ATL,11,280,Available,14778,https://www.fantasysharks.com/players/playerpage.php?PID=14778
QB,31,Deshaun Watson,CLE,11,277,Available,13113,https://www.fantasysharks.com/players/playerpage.php?PID=13113
QB,32,Fernando Mendoza,LVR,13,186,Available,17462,https://www.fantasysharks.com/players/playerpage.php?PID=17462
QB,33,Kirk Cousins,LVR,13,156,Available,10700,https://www.fantasysharks.com/players/playerpage.php?PID=10700
QB,34,Shedeur Sanders,CLE,11,124,Available,17031,https://www.fantasysharks.com/players/playerpage.php?PID=17031
QB,35,Spencer Rattler,NOS,8,116,Available,16586,https://www.fantasysharks.com/players/playerpage.php?PID=16586
QB,36,Michael Penix Jr.,ATL,11,81,Available,16583,https://www.fantasysharks.com/players/playerpage.php?PID=16583
QB,37,Jameis Winston,NYG,8,80,Available,12140,https://www.fantasysharks.com/players/playerpage.php?PID=12140
QB,38,Mason Rudolph,PIT,9,72,Available,13595,https://www.fantasysharks.com/players/playerpage.php?PID=13595
QB,39,Davis Mills,HOU,8,71,Available,15252,https://www.fantasysharks.com/players/playerpage.php?PID=15252
QB,40,Mac Jones,SFO,8,64,Available,15241,https://www.fantasysharks.com/players/playerpage.php?PID=15241
QB,41,Marcus Mariota,WAS,7,64,Available,12141,https://www.fantasysharks.com/players/playerpage.php?PID=12141
QB,42,J.J. McCarthy,MIN,6,59,Available,16584,https://www.fantasysharks.com/players/playerpage.php?PID=16584
QB,43,Tyrod Taylor,GBP,11,48,Available,10413,https://www.fantasysharks.com/players/playerpage.php?PID=10413
QB,44,Joe Flacco,CIN,6,47,Available,9064,https://www.fantasysharks.com/players/playerpage.php?PID=9064
QB,45,Justin Fields,KCC,5,42,Available,15238,https://www.fantasysharks.com/players/playerpage.php?PID=15238
QB,46,Joe Milton,DAL,14,42,Available,16585,https://www.fantasysharks.com/players/playerpage.php?PID=16585
QB,47,Kenny Pickett,CAR,5,37,Available,15692,https://www.fantasysharks.com/players/playerpage.php?PID=15692
QB,48,Anthony Richardson,IND,13,30,Available,16152,https://www.fantasysharks.com/players/playerpage.php?PID=16152
QB,49,Quinn Ewers,MIA,6,28,Available,17034,https://www.fantasysharks.com/players/playerpage.php?PID=17034
QB,50,Ty Simpson,LAR,11,26,Available,17463,https://www.fantasysharks.com/players/playerpage.php?PID=17463
QB,51,Jake Browning,TBB,10,24,Available,14358,https://www.fantasysharks.com/players/playerpage.php?PID=14358
QB,52,Gardner Minshew,ARI,14,23,Available,14067,https://www.fantasysharks.com/players/playerpage.php?PID=14067
QB,53,Carson Wentz,MIN,6,20,Available,12610,https://www.fantasysharks.com/players/playerpage.php?PID=12610
QB,54,Andy Dalton,PHI,10,19,Available,10313,https://www.fantasysharks.com/players/playerpage.php?PID=10313
QB,55,Tyler Huntley,BAL,13,17,Available,14789,https://www.fantasysharks.com/players/playerpage.php?PID=14789
QB,56,Cade Klubnik,NYJ,13,16,Available,17467,https://www.fantasysharks.com/players/playerpage.php?PID=17467
QB,57,Trey Lance,LAC,7,13,Available,15240,https://www.fantasysharks.com/players/playerpage.php?PID=15240
QB,58,Will Levis,TEN,9,4,Available,16149,https://www.fantasysharks.com/players/playerpage.php?PID=16149
QB,59,Aidan O'Connell,LVR,13,4,Available,16159,https://www.fantasysharks.com/players/playerpage.php?PID=16159
QB,60,Cooper Rush,ATL,11,2,Available,13124,https://www.fantasysharks.com/players/playerpage.php?PID=13124
RB,1,Jonathan Taylor,IND,13,356,Other Roster,14802,https://www.fantasysharks.com/players/playerpage.php?PID=14802
RB,2,Bijan Robinson,ATL,11,346,Other Roster,16161,https://www.fantasysharks.com/players/playerpage.php?PID=16161
RB,3,Jahmyr Gibbs,DET,6,327,Available,16162,https://www.fantasysharks.com/players/playerpage.php?PID=16162
RB,4,James Cook,BUF,7,306,Other Roster,15715,https://www.fantasysharks.com/players/playerpage.php?PID=15715
RB,5,Derrick Henry,BAL,13,291,Other Roster,12626,https://www.fantasysharks.com/players/playerpage.php?PID=12626
RB,6,Christian McCaffrey,SFO,8,290,Other Roster,13130,https://www.fantasysharks.com/players/playerpage.php?PID=13130
RB,7,Saquon Barkley,PHI,10,265,Other Roster,13604,https://www.fantasysharks.com/players/playerpage.php?PID=13604
RB,8,De'Von Achane,MIA,6,258,Other Roster,16167,https://www.fantasysharks.com/players/playerpage.php?PID=16167
RB,9,Chase Brown,CIN,6,250,Other Roster,16181,https://www.fantasysharks.com/players/playerpage.php?PID=16181
RB,10,Ashton Jeanty,LVR,13,234,Other Roster,17042,https://www.fantasysharks.com/players/playerpage.php?PID=17042
RB,11,Kyren Williams,LAR,11,225,Other Roster,15710,https://www.fantasysharks.com/players/playerpage.php?PID=15710
RB,12,Kenneth Walker III,KCC,5,223,Other Roster,15711,https://www.fantasysharks.com/players/playerpage.php?PID=15711
RB,13,Josh Jacobs,GBP,11,222,Available,14073,https://www.fantasysharks.com/players/playerpage.php?PID=14073
RB,14,Omarion Hampton,LAC,7,220,Available,17044,https://www.fantasysharks.com/players/playerpage.php?PID=17044
RB,15,Travis Etienne,NOS,8,219,Other Roster,15253,https://www.fantasysharks.com/players/playerpage.php?PID=15253
RB,16,Javonte Williams,DAL,14,211,Available,15256,https://www.fantasysharks.com/players/playerpage.php?PID=15256
RB,17,Rhamondre Stevenson,NEP,11,207,Other Roster,15259,https://www.fantasysharks.com/players/playerpage.php?PID=15259
RB,18,Breece Hall,NYJ,13,205,Other Roster,15708,https://www.fantasysharks.com/players/playerpage.php?PID=15708
RB,19,Jeremiyah Love,ARI,14,204,Available,17472,https://www.fantasysharks.com/players/playerpage.php?PID=17472
RB,20,Cam Skattebo,NYG,8,201,Other Roster,17045,https://www.fantasysharks.com/players/playerpage.php?PID=17045
RB,21,Bucky Irving,TBB,10,198,Other Roster,16598,https://www.fantasysharks.com/players/playerpage.php?PID=16598
RB,22,Jaylen Warren,PIT,9,198,Other Roster,15742,https://www.fantasysharks.com/players/playerpage.php?PID=15742
RB,23,TreVeyon Henderson,NEP,11,193,Other Roster,17043,https://www.fantasysharks.com/players/playerpage.php?PID=17043
RB,24,D'Andre Swift,CHI,10,191,Available,14797,https://www.fantasysharks.com/players/playerpage.php?PID=14797
RB,25,Quinshon Judkins,CLE,11,182,Other Roster,17051,https://www.fantasysharks.com/players/playerpage.php?PID=17051
RB,26,Bhayshul Tuten,JAC,7,180,Other Roster,17052,https://www.fantasysharks.com/players/playerpage.php?PID=17052
RB,27,David Montgomery,HOU,8,180,Available,14071,https://www.fantasysharks.com/players/playerpage.php?PID=14071
RB,28,Rico Dowdle,PIT,9,174,Other Roster,14823,https://www.fantasysharks.com/players/playerpage.php?PID=14823
RB,29,Chuba Hubbard,CAR,5,172,Other Roster,15261,https://www.fantasysharks.com/players/playerpage.php?PID=15261
RB,30,Tony Pollard,TEN,9,166,Available,14085,https://www.fantasysharks.com/players/playerpage.php?PID=14085
RB,31,RJ Harvey,DEN,10,165,Other Roster,17068,https://www.fantasysharks.com/players/playerpage.php?PID=17068
RB,32,Kyle Monangai,CHI,10,154,Available,17066,https://www.fantasysharks.com/players/playerpage.php?PID=17066
RB,33,Zach Charbonnet,SEA,11,153,Available,16169,https://www.fantasysharks.com/players/playerpage.php?PID=16169
RB,34,Kenneth Gainwell,TBB,10,149,Available,15255,https://www.fantasysharks.com/players/playerpage.php?PID=15255
RB,35,J.K. Dobbins,DEN,10,148,Other Roster,14800,https://www.fantasysharks.com/players/playerpage.php?PID=14800
RB,36,Jacory Croskey-Merritt,WAS,7,146,Available,17256,https://www.fantasysharks.com/players/playerpage.php?PID=17256
RB,37,Aaron Jones,MIN,6,137,Available,13319,https://www.fantasysharks.com/players/playerpage.php?PID=13319
RB,38,Jonathon Brooks,CAR,5,135,Available,16597,https://www.fantasysharks.com/players/playerpage.php?PID=16597
RB,39,Tyrone Tracy,NYG,8,135,Available,16747,https://www.fantasysharks.com/players/playerpage.php?PID=16747
RB,40,Tyjae Spears,TEN,9,126,Available,16165,https://www.fantasysharks.com/players/playerpage.php?PID=16165
RB,41,Blake Corum,LAR,11,126,Available,16593,https://www.fantasysharks.com/players/playerpage.php?PID=16593
RB,42,Woody Marks,HOU,8,125,Other Roster,17053,https://www.fantasysharks.com/players/playerpage.php?PID=17053
RB,43,Jordan Mason,MIN,6,116,Other Roster,15972,https://www.fantasysharks.com/players/playerpage.php?PID=15972
RB,44,Tyler Allgeier,ARI,14,111,Available,15712,https://www.fantasysharks.com/players/playerpage.php?PID=15712
RB,45,Rachaad White,WAS,7,105,Available,15721,https://www.fantasysharks.com/players/playerpage.php?PID=15721
RB,46,Chris Rodriguez,JAC,7,98,Available,16174,https://www.fantasysharks.com/players/playerpage.php?PID=16174
RB,47,Kimani Vidal,LAC,7,94,Available,16757,https://www.fantasysharks.com/players/playerpage.php?PID=16757
RB,48,Jadarian Price,SEA,11,93,Available,17473,https://www.fantasysharks.com/players/playerpage.php?PID=17473
RB,49,James Conner,ARI,14,87,Available,13146,https://www.fantasysharks.com/players/playerpage.php?PID=13146
RB,50,Ray Davis,BUF,7,82,Available,16603,https://www.fantasysharks.com/players/playerpage.php?PID=16603
RB,51,Isiah Pacheco,DET,6,79,Available,15749,https://www.fantasysharks.com/players/playerpage.php?PID=15749
RB,52,MarShawn Lloyd,GBP,11,78,Available,16604,https://www.fantasysharks.com/players/playerpage.php?PID=16604
RB,53,Tank Bigsby,PHI,10,78,Available,16164,https://www.fantasysharks.com/players/playerpage.php?PID=16164
RB,54,Jonah Coleman,DEN,10,77,Available,17477,https://www.fantasysharks.com/players/playerpage.php?PID=17477
RB,55,Michael Carter,TEN,9,74,Available,15258,https://www.fantasysharks.com/players/playerpage.php?PID=15258
RB,56,Alvin Kamara,NOS,8,71,Available,13132,https://www.fantasysharks.com/players/playerpage.php?PID=13132
RB,57,Justice Hill,BAL,13,70,Available,14086,https://www.fantasysharks.com/players/playerpage.php?PID=14086
RB,58,Dylan Sampson,CLE,11,70,Available,17047,https://www.fantasysharks.com/players/playerpage.php?PID=17047
RB,59,Jaylen Wright,MIA,6,68,Available,16610,https://www.fantasysharks.com/players/playerpage.php?PID=16610
RB,60,Malik Davis,DAL,14,68,Available,15738,https://www.fantasysharks.com/players/playerpage.php?PID=15738
RB,61,Devin Singletary,NYG,8,68,Available,14080,https://www.fantasysharks.com/players/playerpage.php?PID=14080
RB,62,Brian Robinson,ATL,11,68,Available,15716,https://www.fantasysharks.com/players/playerpage.php?PID=15716
RB,63,Mike Washington Jr.,LVR,13,67,Available,17482,https://www.fantasysharks.com/players/playerpage.php?PID=17482
RB,64,Ty Johnson,BUF,7,65,Available,14095,https://www.fantasysharks.com/players/playerpage.php?PID=14095
RB,65,Bam Knight,ARI,14,64,Available,15727,https://www.fantasysharks.com/players/playerpage.php?PID=15727
RB,66,Samaje Perine,CIN,6,63,Available,13133,https://www.fantasysharks.com/players/playerpage.php?PID=13133
RB,67,Emanuel Wilson,SEA,11,61,Available,16432,https://www.fantasysharks.com/players/playerpage.php?PID=16432
RB,68,Jordan James,SFO,8,59,Available,17055,https://www.fantasysharks.com/players/playerpage.php?PID=17055
RB,69,Sean Tucker,TBB,10,54,Available,16166,https://www.fantasysharks.com/players/playerpage.php?PID=16166
RB,70,Braelon Allen,NYJ,13,54,Available,16596,https://www.fantasysharks.com/players/playerpage.php?PID=16596
RB,71,Najee Harris,NYG,8,51,Available,15254,https://www.fantasysharks.com/players/playerpage.php?PID=15254
RB,72,Keaton Mitchell,LAC,7,50,Available,16178,https://www.fantasysharks.com/players/playerpage.php?PID=16178
RB,73,Emmett Johnson,KCC,5,46,Available,17474,https://www.fantasysharks.com/players/playerpage.php?PID=17474
RB,74,Isaiah Davis,NYJ,13,45,Available,16752,https://www.fantasysharks.com/players/playerpage.php?PID=16752
RB,75,Kyle Juszczyk,SFO,8,43,Available,11367,https://www.fantasysharks.com/players/playerpage.php?PID=11367
RB,76,Devin Neal,NOS,8,42,Available,17046,https://www.fantasysharks.com/players/playerpage.php?PID=17046
RB,77,Jaleel McLaughlin,DEN,10,41,Available,16390,https://www.fantasysharks.com/players/playerpage.php?PID=16390
RB,78,Jeremy McNichols,WAS,7,39,Available,13143,https://www.fantasysharks.com/players/playerpage.php?PID=13143
RB,79,Kendre Miller,NOS,8,38,Available,16171,https://www.fantasysharks.com/players/playerpage.php?PID=16171
RB,80,Brashard Smith,KCC,5,36,Available,17049,https://www.fantasysharks.com/players/playerpage.php?PID=17049
RB,81,Ollie Gordon,MIA,6,35,Available,17059,https://www.fantasysharks.com/players/playerpage.php?PID=17059
RB,82,Emari Demercado,KCC,5,34,Available,16385,https://www.fantasysharks.com/players/playerpage.php?PID=16385
RB,83,Chris Brooks,GBP,11,34,Available,16387,https://www.fantasysharks.com/players/playerpage.php?PID=16387
RB,84,Raheim Sanders,CLE,11,33,Available,17062,https://www.fantasysharks.com/players/playerpage.php?PID=17062
RB,85,Jaydon Blue,DAL,14,32,Available,17069,https://www.fantasysharks.com/players/playerpage.php?PID=17069
RB,86,Kaelon Black,SFO,8,32,Available,17485,https://www.fantasysharks.com/players/playerpage.php?PID=17485
RB,87,Audric Estime,NOS,8,26,Available,16595,https://www.fantasysharks.com/players/playerpage.php?PID=16595
RB,88,Hunter Luepke,DAL,14,25,Available,16391,https://www.fantasysharks.com/players/playerpage.php?PID=16391
RB,89,Zavier Scott,MIN,6,25,Available,17337,https://www.fantasysharks.com/players/playerpage.php?PID=17337
RB,90,Isaac Guerendo,SFO,8,25,Available,16688,https://www.fantasysharks.com/players/playerpage.php?PID=16688
RB,91,Jawhar Jordan,HOU,8,21,Available,16773,https://www.fantasysharks.com/players/playerpage.php?PID=16773
RB,92,DJ Giddens,IND,13,20,Available,17060,https://www.fantasysharks.com/players/playerpage.php?PID=17060
RB,93,Andrew Beck,NYJ,13,20,Available,14319,https://www.fantasysharks.com/players/playerpage.php?PID=14319
RB,94,Jaret Patterson,LAC,7,18,Available,15260,https://www.fantasysharks.com/players/playerpage.php?PID=15260
RB,95,Kaytron Allen,WAS,7,18,Available,17478,https://www.fantasysharks.com/players/playerpage.php?PID=17478
RB,96,Ameer Abdullah,JAC,7,16,Available,12155,https://www.fantasysharks.com/players/playerpage.php?PID=12155
RB,97,Raheem Mostert,LVR,13,16,Available,12447,https://www.fantasysharks.com/players/playerpage.php?PID=12447
RB,98,Roschon Johnson,CHI,10,15,Available,16175,https://www.fantasysharks.com/players/playerpage.php?PID=16175
RB,99,Demond Claiborne,MIN,6,15,Available,17481,https://www.fantasysharks.com/players/playerpage.php?PID=17481
WR,1,Ja'Marr Chase,CIN,6,327,Other Roster,15281,https://www.fantasysharks.com/players/playerpage.php?PID=15281
WR,2,Puka Nacua,LAR,11,312,Other Roster,16211,https://www.fantasysharks.com/players/playerpage.php?PID=16211
WR,3,Jaxon Smith-Njigba,SEA,11,312,Other Roster,16185,https://www.fantasysharks.com/players/playerpage.php?PID=16185
WR,4,Amon-Ra St. Brown,DET,6,278,Other Roster,15287,https://www.fantasysharks.com/players/playerpage.php?PID=15287
WR,5,CeeDee Lamb,DAL,14,228,Other Roster,14832,https://www.fantasysharks.com/players/playerpage.php?PID=14832
WR,6,Zay Flowers,BAL,13,202,Other Roster,16190,https://www.fantasysharks.com/players/playerpage.php?PID=16190
WR,7,George Pickens,DAL,14,199,Other Roster,15762,https://www.fantasysharks.com/players/playerpage.php?PID=15762
WR,8,Justin Jefferson,MIN,6,195,Available,14836,https://www.fantasysharks.com/players/playerpage.php?PID=14836
WR,9,Rashee Rice,KCC,5,195,Other Roster,16194,https://www.fantasysharks.com/players/playerpage.php?PID=16194
WR,10,A.J. Brown,NEP,11,195,Other Roster,14104,https://www.fantasysharks.com/players/playerpage.php?PID=14104
WR,11,Nico Collins,HOU,8,193,Other Roster,15290,https://www.fantasysharks.com/players/playerpage.php?PID=15290
WR,12,Drake London,ATL,11,193,Other Roster,15751,https://www.fantasysharks.com/players/playerpage.php?PID=15751
WR,13,Davante Adams,LAR,11,192,Available,11675,https://www.fantasysharks.com/players/playerpage.php?PID=11675
WR,14,Tee Higgins,CIN,6,191,Other Roster,14835,https://www.fantasysharks.com/players/playerpage.php?PID=14835
WR,15,Terry McLaurin,WAS,7,191,Other Roster,14109,https://www.fantasysharks.com/players/playerpage.php?PID=14109
WR,16,Tetairoa McMillan,CAR,5,191,Other Roster,17071,https://www.fantasysharks.com/players/playerpage.php?PID=17071
WR,17,Garrett Wilson,NYJ,13,188,Other Roster,15753,https://www.fantasysharks.com/players/playerpage.php?PID=15753
WR,18,Malik Nabers,NYG,8,188,Other Roster,16615,https://www.fantasysharks.com/players/playerpage.php?PID=16615
WR,19,Jameson Williams,DET,6,185,Other Roster,15756,https://www.fantasysharks.com/players/playerpage.php?PID=15756
WR,20,Chris Olave,NOS,8,184,Other Roster,15754,https://www.fantasysharks.com/players/playerpage.php?PID=15754
WR,21,DeVonta Smith,PHI,10,181,Other Roster,15282,https://www.fantasysharks.com/players/playerpage.php?PID=15282
WR,22,Parker Washington,JAC,7,180,Available,16192,https://www.fantasysharks.com/players/playerpage.php?PID=16192
WR,23,Ladd McConkey,LAC,7,179,Other Roster,16627,https://www.fantasysharks.com/players/playerpage.php?PID=16627
WR,24,Jaylen Waddle,DEN,10,178,Available,15284,https://www.fantasysharks.com/players/playerpage.php?PID=15284
WR,25,Rome Odunze,CHI,10,177,Other Roster,16616,https://www.fantasysharks.com/players/playerpage.php?PID=16616
WR,26,Emeka Egbuka,TBB,10,174,Other Roster,17081,https://www.fantasysharks.com/players/playerpage.php?PID=17081
WR,27,Michael Wilson,ARI,14,173,Available,16206,https://www.fantasysharks.com/players/playerpage.php?PID=16206
WR,28,Alec Pierce,IND,13,173,Available,15768,https://www.fantasysharks.com/players/playerpage.php?PID=15768
WR,29,Mike Evans,SFO,8,173,Available,11671,https://www.fantasysharks.com/players/playerpage.php?PID=11671
WR,30,Christian Watson,GBP,11,172,Other Roster,15789,https://www.fantasysharks.com/players/playerpage.php?PID=15789
WR,31,D.J. Moore,BUF,7,171,Available,13635,https://www.fantasysharks.com/players/playerpage.php?PID=13635
WR,32,Courtland Sutton,DEN,10,170,Other Roster,13630,https://www.fantasysharks.com/players/playerpage.php?PID=13630
WR,33,Chris Godwin,TBB,10,164,Other Roster,13163,https://www.fantasysharks.com/players/playerpage.php?PID=13163
WR,34,Brian Thomas Jr.,JAC,7,162,Other Roster,16618,https://www.fantasysharks.com/players/playerpage.php?PID=16618
WR,35,Josh Downs,IND,13,156,Available,16187,https://www.fantasysharks.com/players/playerpage.php?PID=16187
WR,36,DK Metcalf,PIT,9,155,Other Roster,14102,https://www.fantasysharks.com/players/playerpage.php?PID=14102
WR,37,Marvin Harrison Jr.,ARI,14,144,Other Roster,16614,https://www.fantasysharks.com/players/playerpage.php?PID=16614
WR,38,Stefon Diggs,WAS,7,142,Available,12186,https://www.fantasysharks.com/players/playerpage.php?PID=12186
WR,39,Carnell Tate,TEN,9,140,Available,17497,https://www.fantasysharks.com/players/playerpage.php?PID=17497
WR,40,Luther Burden,CHI,10,139,Other Roster,17070,https://www.fantasysharks.com/players/playerpage.php?PID=17070
WR,41,Deebo Samuel,SFO,8,138,Available,14136,https://www.fantasysharks.com/players/playerpage.php?PID=14136
WR,42,Jakobi Meyers,JAC,7,131,Available,14127,https://www.fantasysharks.com/players/playerpage.php?PID=14127
WR,43,Jerry Jeudy,CLE,11,130,Available,14833,https://www.fantasysharks.com/players/playerpage.php?PID=14833
WR,44,Michael Pittman,PIT,9,127,Other Roster,14842,https://www.fantasysharks.com/players/playerpage.php?PID=14842
WR,45,Malik Washington,MIA,6,123,Available,16684,https://www.fantasysharks.com/players/playerpage.php?PID=16684
WR,46,Wan'Dale Robinson,TEN,9,122,Other Roster,15757,https://www.fantasysharks.com/players/playerpage.php?PID=15757
WR,47,Jordan Addison,MIN,6,121,Available,16186,https://www.fantasysharks.com/players/playerpage.php?PID=16186
WR,48,Jalen McMillan,TBB,10,120,Available,16628,https://www.fantasysharks.com/players/playerpage.php?PID=16628
WR,49,Matthew Golden,GBP,11,116,Available,17075,https://www.fantasysharks.com/players/playerpage.php?PID=17075
WR,50,Khalil Shakir,BUF,7,116,Available,15761,https://www.fantasysharks.com/players/playerpage.php?PID=15761
WR,51,Keenan Allen,IND,13,113,Available,11222,https://www.fantasysharks.com/players/playerpage.php?PID=11222
WR,52,Quentin Johnston,LAC,7,112,Available,16188,https://www.fantasysharks.com/players/playerpage.php?PID=16188
WR,53,Jalen Coker,CAR,5,111,Available,16809,https://www.fantasysharks.com/players/playerpage.php?PID=16809
WR,54,Romeo Doubs,NEP,11,110,Other Roster,15779,https://www.fantasysharks.com/players/playerpage.php?PID=15779
WR,55,Tre Tucker,LVR,13,110,Available,16287,https://www.fantasysharks.com/players/playerpage.php?PID=16287
WR,56,Xavier Worthy,KCC,5,106,Available,16620,https://www.fantasysharks.com/players/playerpage.php?PID=16620
WR,57,Ryan Flournoy,DAL,14,105,Available,16778,https://www.fantasysharks.com/players/playerpage.php?PID=16778
WR,58,Jauan Jennings,MIN,6,105,Available,14860,https://www.fantasysharks.com/players/playerpage.php?PID=14860
WR,59,Xavier Hutchinson,HOU,8,105,Available,16201,https://www.fantasysharks.com/players/playerpage.php?PID=16201
WR,60,Troy Franklin,DEN,10,102,Available,16619,https://www.fantasysharks.com/players/playerpage.php?PID=16619
WR,61,Darius Slayton,NYG,8,102,Available,14122,https://www.fantasysharks.com/players/playerpage.php?PID=14122
WR,62,Cooper Kupp,SEA,11,99,Available,13164,https://www.fantasysharks.com/players/playerpage.php?PID=13164
WR,63,Jayden Reed,GBP,11,97,Other Roster,16184,https://www.fantasysharks.com/players/playerpage.php?PID=16184
WR,64,Demario Douglas,NEP,11,94,Available,16342,https://www.fantasysharks.com/players/playerpage.php?PID=16342
WR,65,Travis Hunter,JAC,7,94,Available,17074,https://www.fantasysharks.com/players/playerpage.php?PID=17074
WR,66,Rashod Bateman,BAL,13,91,Available,15293,https://www.fantasysharks.com/players/playerpage.php?PID=15293
WR,67,Jalen Tolbert,MIA,6,90,Available,15788,https://www.fantasysharks.com/players/playerpage.php?PID=15788
WR,68,Elic Ayomanor,TEN,9,90,Available,17073,https://www.fantasysharks.com/players/playerpage.php?PID=17073
WR,69,Tyquan Thornton,KCC,5,89,Available,15787,https://www.fantasysharks.com/players/playerpage.php?PID=15787
WR,70,Tre Harris,LAC,7,87,Available,17072,https://www.fantasysharks.com/players/playerpage.php?PID=17072
WR,71,Isaac TeSlaa,DET,6,83,Available,17157,https://www.fantasysharks.com/players/playerpage.php?PID=17157
WR,72,Chimere Dike,TEN,9,82,Available,17171,https://www.fantasysharks.com/players/playerpage.php?PID=17171
WR,73,Mack Hollins,NEP,11,81,Available,13289,https://www.fantasysharks.com/players/playerpage.php?PID=13289
WR,74,Rashid Shaheed,SEA,11,80,Available,16080,https://www.fantasysharks.com/players/playerpage.php?PID=16080
WR,75,Keon Coleman,BUF,7,79,Available,16617,https://www.fantasysharks.com/players/playerpage.php?PID=16617
WR,76,Andrei Iosivas,CIN,6,78,Available,16207,https://www.fantasysharks.com/players/playerpage.php?PID=16207
WR,77,Adonai Mitchell,NYJ,13,77,Available,16626,https://www.fantasysharks.com/players/playerpage.php?PID=16626
WR,78,Jalen Nailor,LVR,13,76,Available,15786,https://www.fantasysharks.com/players/playerpage.php?PID=15786
WR,79,Dontayvion Wicks,PHI,10,76,Available,16195,https://www.fantasysharks.com/players/playerpage.php?PID=16195
WR,80,Jordyn Tyson,NOS,8,73,Available,17498,https://www.fantasysharks.com/players/playerpage.php?PID=17498
WR,81,Devaughn Vele,NOS,8,72,Available,16788,https://www.fantasysharks.com/players/playerpage.php?PID=16788
WR,82,Xavier Legette,CAR,5,72,Available,16639,https://www.fantasysharks.com/players/playerpage.php?PID=16639
WR,83,Calvin Ridley,TEN,9,70,Available,13629,https://www.fantasysharks.com/players/playerpage.php?PID=13629
WR,84,Marvin Mims,DEN,10,69,Available,16189,https://www.fantasysharks.com/players/playerpage.php?PID=16189
WR,85,Pat Bryant,DEN,10,68,Available,17082,https://www.fantasysharks.com/players/playerpage.php?PID=17082
WR,86,Jaylin Noel,HOU,8,67,Available,17080,https://www.fantasysharks.com/players/playerpage.php?PID=17080
WR,87,Kayshon Boutte,HOU,8,65,Available,16193,https://www.fantasysharks.com/players/playerpage.php?PID=16193
WR,88,Denzel Boston,CLE,11,63,Available,17500,https://www.fantasysharks.com/players/playerpage.php?PID=17500
WR,89,KC Concepcion,CLE,11,62,Available,17501,https://www.fantasysharks.com/players/playerpage.php?PID=17501
WR,90,Marquise Brown,PHI,10,60,Available,14105,https://www.fantasysharks.com/players/playerpage.php?PID=14105
WR,91,Demarcus Robinson,SFO,8,60,Available,12785,https://www.fantasysharks.com/players/playerpage.php?PID=12785
WR,92,KaVontae Turpin,DAL,14,58,Available,15981,https://www.fantasysharks.com/players/playerpage.php?PID=15981
WR,93,Brandon Aiyuk,SFO,8,57,Available,14840,https://www.fantasysharks.com/players/playerpage.php?PID=14840
WR,94,Luke McCaffrey,WAS,7,56,Available,16635,https://www.fantasysharks.com/players/playerpage.php?PID=16635
WR,95,Omar Cooper Jr.,NYJ,13,52,Available,17502,https://www.fantasysharks.com/players/playerpage.php?PID=17502
WR,96,Kalif Raymond,CHI,10,52,Available,13066,https://www.fantasysharks.com/players/playerpage.php?PID=13066
WR,97,Roman Wilson,PIT,9,49,Available,16629,https://www.fantasysharks.com/players/playerpage.php?PID=16629
WR,98,Joshua Palmer,BUF,7,47,Available,15319,https://www.fantasysharks.com/players/playerpage.php?PID=15319
WR,99,Kendrick Bourne,ARI,14,46,Available,13418,https://www.fantasysharks.com/players/playerpage.php?PID=13418
TE,1,Trey McBride,ARI,14,244,Other Roster,15794,https://www.fantasysharks.com/players/playerpage.php?PID=15794
TE,2,Brock Bowers,LVR,13,210,Other Roster,16641,https://www.fantasysharks.com/players/playerpage.php?PID=16641
TE,3,Colston Loveland,CHI,10,157,Available,17104,https://www.fantasysharks.com/players/playerpage.php?PID=17104
TE,4,Kyle Pitts,ATL,11,146,Available,15329,https://www.fantasysharks.com/players/playerpage.php?PID=15329
TE,5,Tyler Warren,IND,13,139,Available,17102,https://www.fantasysharks.com/players/playerpage.php?PID=17102
TE,6,Mark Andrews,BAL,13,139,Available,13671,https://www.fantasysharks.com/players/playerpage.php?PID=13671
TE,7,Dallas Goedert,PHI,10,139,Available,13674,https://www.fantasysharks.com/players/playerpage.php?PID=13674
TE,8,Harold Fannin,CLE,11,138,Available,17103,https://www.fantasysharks.com/players/playerpage.php?PID=17103
TE,9,Travis Kelce,KCC,5,138,Available,11244,https://www.fantasysharks.com/players/playerpage.php?PID=11244
TE,10,Tucker Kraft,GBP,11,135,Available,16222,https://www.fantasysharks.com/players/playerpage.php?PID=16222
TE,11,Isaiah Likely,NYG,8,135,Available,15798,https://www.fantasysharks.com/players/playerpage.php?PID=15798
TE,12,George Kittle,SFO,8,134,Available,13299,https://www.fantasysharks.com/players/playerpage.php?PID=13299
TE,13,Colby Parkinson,LAR,11,134,Available,14871,https://www.fantasysharks.com/players/playerpage.php?PID=14871
TE,14,Hunter Henry,NEP,11,131,Available,12676,https://www.fantasysharks.com/players/playerpage.php?PID=12676
TE,15,T.J. Hockenson,MIN,6,125,Available,14138,https://www.fantasysharks.com/players/playerpage.php?PID=14138
TE,16,Juwan Johnson,NOS,8,125,Available,14861,https://www.fantasysharks.com/players/playerpage.php?PID=14861
TE,17,Jake Ferguson,DAL,14,123,Available,15799,https://www.fantasysharks.com/players/playerpage.php?PID=15799
TE,18,Dalton Schultz,HOU,8,121,Available,13772,https://www.fantasysharks.com/players/playerpage.php?PID=13772
TE,19,Dalton Kincaid,BUF,7,120,Available,16213,https://www.fantasysharks.com/players/playerpage.php?PID=16213
TE,20,Kenyon Sadiq,NYJ,13,119,Available,17543,https://www.fantasysharks.com/players/playerpage.php?PID=17543
TE,21,Chigoziem Okonkwo,WAS,7,118,Available,15889,https://www.fantasysharks.com/players/playerpage.php?PID=15889
TE,22,AJ Barner,SEA,11,116,Available,16723,https://www.fantasysharks.com/players/playerpage.php?PID=16723
TE,23,Brenton Strange,JAC,7,113,Available,16269,https://www.fantasysharks.com/players/playerpage.php?PID=16269
TE,24,Oronde Gadsden,LAC,7,109,Available,17099,https://www.fantasysharks.com/players/playerpage.php?PID=17099
TE,25,Greg Dulcich,MIA,6,109,Available,15797,https://www.fantasysharks.com/players/playerpage.php?PID=15797
TE,26,Sam LaPorta,DET,6,108,Available,16214,https://www.fantasysharks.com/players/playerpage.php?PID=16214
TE,27,Pat Freiermuth,PIT,9,108,Available,15331,https://www.fantasysharks.com/players/playerpage.php?PID=15331
TE,28,Jake Tonges,SFO,8,102,Available,16036,https://www.fantasysharks.com/players/playerpage.php?PID=16036
TE,29,David Njoku,LAC,7,97,Other Roster,13192,https://www.fantasysharks.com/players/playerpage.php?PID=13192
TE,30,Cade Otton,TBB,10,96,Available,15802,https://www.fantasysharks.com/players/playerpage.php?PID=15802
TE,31,Gunnar Helm,TEN,9,92,Available,17105,https://www.fantasysharks.com/players/playerpage.php?PID=17105
TE,32,Mike Gesicki,CIN,6,91,Available,13672,https://www.fantasysharks.com/players/playerpage.php?PID=13672
TE,33,Tommy Tremble,CAR,5,85,Available,15332,https://www.fantasysharks.com/players/playerpage.php?PID=15332
TE,34,Dawson Knox,BUF,7,84,Available,14143,https://www.fantasysharks.com/players/playerpage.php?PID=14143
TE,35,Theo Johnson,NYG,8,83,Available,16649,https://www.fantasysharks.com/players/playerpage.php?PID=16649
TE,36,Evan Engram,DEN,10,83,Available,13189,https://www.fantasysharks.com/players/playerpage.php?PID=13189
TE,37,Cole Kmet,CHI,10,76,Available,14867,https://www.fantasysharks.com/players/playerpage.php?PID=14867
TE,38,Tyler Higbee,LAR,11,70,Available,12678,https://www.fantasysharks.com/players/playerpage.php?PID=12678
TE,39,Mason Taylor,NYJ,13,70,Available,17106,https://www.fantasysharks.com/players/playerpage.php?PID=17106
TE,40,Noah Gray,KCC,5,63,Available,15337,https://www.fantasysharks.com/players/playerpage.php?PID=15337
TE,41,Michael Mayer,LVR,13,56,Available,16212,https://www.fantasysharks.com/players/playerpage.php?PID=16212
TE,42,Josh Oliver,MIN,6,51,Available,14209,https://www.fantasysharks.com/players/playerpage.php?PID=14209
TE,43,Darnell Washington,PIT,9,49,Available,16216,https://www.fantasysharks.com/players/playerpage.php?PID=16216
TE,44,Daniel Bellinger,TEN,9,43,Available,15873,https://www.fantasysharks.com/players/playerpage.php?PID=15873
TE,45,Adam Trautman,DEN,10,43,Available,14870,https://www.fantasysharks.com/players/playerpage.php?PID=14870
TE,46,Darren Waller,CAR,5,41,Available,12263,https://www.fantasysharks.com/players/playerpage.php?PID=12263
TE,47,Noah Fant,NOS,8,41,Available,14137,https://www.fantasysharks.com/players/playerpage.php?PID=14137
TE,48,Eli Raridon,NEP,11,40,Available,17607,https://www.fantasysharks.com/players/playerpage.php?PID=17607
TE,49,Riley Nowakowski,PIT,9,39,Available,17648,https://www.fantasysharks.com/players/playerpage.php?PID=17648
TE,50,Blake Whiteheart,CLE,11,38,Available,16940,https://www.fantasysharks.com/players/playerpage.php?PID=16940
TE,51,Brock Wright,DET,6,38,Available,15626,https://www.fantasysharks.com/players/playerpage.php?PID=15626
TE,52,Ja'Tavion Sanders,CAR,5,38,Available,16643,https://www.fantasysharks.com/players/playerpage.php?PID=16643
TE,53,Drew Sample,CIN,6,38,Available,14146,https://www.fantasysharks.com/players/playerpage.php?PID=14146
TE,54,Austin Hooper,ATL,11,37,Available,12677,https://www.fantasysharks.com/players/playerpage.php?PID=12677
TE,55,Davis Allen,LAR,11,36,Available,16219,https://www.fantasysharks.com/players/playerpage.php?PID=16219
TE,56,Mitchell Evans,CAR,5,33,Available,17109,https://www.fantasysharks.com/players/playerpage.php?PID=17109
TE,57,Jackson Hawes,BUF,7,32,Available,17213,https://www.fantasysharks.com/players/playerpage.php?PID=17213
TE,58,Jeremy Ruckert,NYJ,13,31,Available,15796,https://www.fantasysharks.com/players/playerpage.php?PID=15796
TE,59,Terrance Ferguson,LAR,11,30,Available,17107,https://www.fantasysharks.com/players/playerpage.php?PID=17107
TE,60,Tanner Hudson,CIN,6,28,Available,14370,https://www.fantasysharks.com/players/playerpage.php?PID=14370
DEF,1,Seattle Seahawks,,11,168,Available,0515,https://www.fantasysharks.com/players/playerpage.php?PID=0515
DEF,2,Houston Texans,,8,165,Available,0532,https://www.fantasysharks.com/players/playerpage.php?PID=0532
DEF,3,Denver Broncos,,10,139,Available,0511,https://www.fantasysharks.com/players/playerpage.php?PID=0511
DEF,4,New England Patriots,,11,132,Available,0504,https://www.fantasysharks.com/players/playerpage.php?PID=0504
DEF,5,Los Angeles Rams,,11,130,Available,0528,https://www.fantasysharks.com/players/playerpage.php?PID=0528
DEF,6,Minnesota Vikings,,6,128,Available,0524,https://www.fantasysharks.com/players/playerpage.php?PID=0524
DEF,7,Philadelphia Eagles,,10,125,Other Roster,0518,https://www.fantasysharks.com/players/playerpage.php?PID=0518
DEF,8,Los Angeles Chargers,,7,121,Available,0514,https://www.fantasysharks.com/players/playerpage.php?PID=0514
DEF,9,Jacksonville Jaguars,,7,119,Available,0509,https://www.fantasysharks.com/players/playerpage.php?PID=0509
DEF,10,Baltimore Ravens,,13,117,Available,0531,https://www.fantasysharks.com/players/playerpage.php?PID=0531
DEF,11,Pittsburgh Steelers,,9,114,Available,0510,https://www.fantasysharks.com/players/playerpage.php?PID=0510
DEF,12,Buffalo Bills,,7,111,Available,0501,https://www.fantasysharks.com/players/playerpage.php?PID=0501
DEF,13,Cleveland Browns,,11,110,Available,0507,https://www.fantasysharks.com/players/playerpage.php?PID=0507
DEF,14,New Orleans Saints,,8,103,Available,0529,https://www.fantasysharks.com/players/playerpage.php?PID=0529
DEF,15,Detroit Lions,,6,102,Available,0522,https://www.fantasysharks.com/players/playerpage.php?PID=0522
DEF,16,Kansas City Chiefs,,5,97,Available,0512,https://www.fantasysharks.com/players/playerpage.php?PID=0512
DEF,17,Chicago Bears,,10,96,Available,0521,https://www.fantasysharks.com/players/playerpage.php?PID=0521
DEF,18,Tennessee Titans,,9,92,Available,0508,https://www.fantasysharks.com/players/playerpage.php?PID=0508
DEF,19,Carolina Panthers,,5,92,Available,0527,https://www.fantasysharks.com/players/playerpage.php?PID=0527
DEF,20,New York Giants,,8,91,Available,0517,https://www.fantasysharks.com/players/playerpage.php?PID=0517
DEF,21,Atlanta Falcons,,11,91,Available,0526,https://www.fantasysharks.com/players/playerpage.php?PID=0526
DEF,22,Cincinnati Bengals,,6,91,Available,0506,https://www.fantasysharks.com/players/playerpage.php?PID=0506
DEF,23,Tampa Bay Buccaneers,,10,84,Available,0525,https://www.fantasysharks.com/players/playerpage.php?PID=0525
DEF,24,Miami Dolphins,,6,83,Available,0503,https://www.fantasysharks.com/players/playerpage.php?PID=0503
DEF,25,Green Bay Packers,,11,82,Available,0523,https://www.fantasysharks.com/players/playerpage.php?PID=0523
DEF,26,Indianapolis Colts,,13,81,Available,0502,https://www.fantasysharks.com/players/playerpage.php?PID=0502
DEF,27,Arizona Cardinals,,14,76,Available,0519,https://www.fantasysharks.com/players/playerpage.php?PID=0519
DEF,28,Las Vegas Raiders,,13,75,Available,0513,https://www.fantasysharks.com/players/playerpage.php?PID=0513
DEF,29,Washington Commanders,,7,72,Available,0520,https://www.fantasysharks.com/players/playerpage.php?PID=0520
DEF,30,Dallas Cowboys,,14,66,Available,0516,https://www.fantasysharks.com/players/playerpage.php?PID=0516
DEF,31,New York Jets,,13,64,Available,0505,https://www.fantasysharks.com/players/playerpage.php?PID=0505
DEF,32,San Francisco 49ers,,8,58,Available,0530,https://www.fantasysharks.com/players/playerpage.php?PID=0530
