player_name,team,position,overall_rank,position_rank,tier,projection,auction_value,source,bye_week,draft_year,draft_round,age_at_week_1,source_file
Jahmyr Gibbs,DET,RB,1,1,,,57,ESPN 2026 PPR Top 300,6,,,,NFL26_CS_PPR300.pdf
Bijan Robinson,ATL,RB,2,2,,,56,ESPN 2026 PPR Top 300,11,,,,NFL26_CS_PPR300.pdf
Puka Nacua,LAR,WR,3,1,,,56,ESPN 2026 PPR Top 300,11,,,,NFL26_CS_PPR300.pdf
Ja'Marr Chase,CIN,WR,4,2,,,55,ESPN 2026 PPR Top 300,6,,,,NFL26_CS_PPR300.pdf
Jaxon Smith-Njigba,SEA,WR,5,3,,,54,ESPN 2026 PPR Top 300,11,,,,NFL26_CS_PPR300.pdf
Christian McCaffrey,SF,RB,6,3,,,53,ESPN 2026 PPR Top 300,8,,,,NFL26_CS_PPR300.pdf
Jonathan Taylor,IND,RB,7,4,,,52,ESPN 2026 PPR Top 300,13,,,,NFL26_CS_PPR300.pdf
Amon-Ra St. Brown,DET,WR,8,4,,,52,ESPN 2026 PPR Top 300,6,,,,NFL26_CS_PPR300.pdf
CeeDee Lamb,DAL,WR,9,5,,,51,ESPN 2026 PPR Top 300,14,,,,NFL26_CS_PPR300.pdf
De'Von Achane,MIA,RB,10,5,,,50,ESPN 2026 PPR Top 300,6,,,,NFL26_CS_PPR300.pdf
Justin Jefferson,MIN,WR,11,6,,,48,ESPN 2026 PPR Top 300,6,,,,NFL26_CS_PPR300.pdf
James Cook III,BUF,RB,12,6,,,46,ESPN 2026 PPR Top 300,7,,,,NFL26_CS_PPR300.pdf
Jeremiyah Love,ARI,RB,13,7,,,45,ESPN 2026 PPR Top 300,14,,,,NFL26_CS_PPR300.pdf
Drake London,ATL,WR,14,7,,,43,ESPN 2026 PPR Top 300,11,,,,NFL26_CS_PPR300.pdf
Ashton Jeanty,LV,RB,15,8,,,42,ESPN 2026 PPR Top 300,13,,,,NFL26_CS_PPR300.pdf
Rashee Rice,KC,WR,16,8,,,40,ESPN 2026 PPR Top 300,5,,,,NFL26_CS_PPR300.pdf
Trey McBride,ARI,TE,17,1,,,38,ESPN 2026 PPR Top 300,14,,,,NFL26_CS_PPR300.pdf
Omarion Hampton,LAC,RB,18,9,,,37,ESPN 2026 PPR Top 300,7,,,,NFL26_CS_PPR300.pdf
Saquon Barkley,PHI,RB,19,10,,,36,ESPN 2026 PPR Top 300,10,,,,NFL26_CS_PPR300.pdf
Derrick Henry,BAL,RB,20,11,,,35,ESPN 2026 PPR Top 300,13,,,,NFL26_CS_PPR300.pdf
Chase Brown,CIN,RB,21,12,,,34,ESPN 2026 PPR Top 300,6,,,,NFL26_CS_PPR300.pdf
Kenneth Walker III,KC,RB,22,13,,,33,ESPN 2026 PPR Top 300,5,,,,NFL26_CS_PPR300.pdf
Josh Jacobs,GB,RB,23,14,,,32,ESPN 2026 PPR Top 300,11,,,,NFL26_CS_PPR300.pdf
Brock Bowers,LV,TE,24,2,,,32,ESPN 2026 PPR Top 300,13,,,,NFL26_CS_PPR300.pdf
Nico Collins,HOU,WR,25,9,,,31,ESPN 2026 PPR Top 300,8,,,,NFL26_CS_PPR300.pdf
Garrett Wilson,NYJ,WR,26,10,,,30,ESPN 2026 PPR Top 300,13,,,,NFL26_CS_PPR300.pdf
A.J. Brown,NE,WR,27,11,,,30,ESPN 2026 PPR Top 300,11,,,,NFL26_CS_PPR300.pdf
Chris Olave,NO,WR,28,12,,,29,ESPN 2026 PPR Top 300,8,,,,NFL26_CS_PPR300.pdf
George Pickens,DAL,WR,29,13,,,28,ESPN 2026 PPR Top 300,14,,,,NFL26_CS_PPR300.pdf
Breece Hall,NYJ,RB,30,15,,,27,ESPN 2026 PPR Top 300,13,,,,NFL26_CS_PPR300.pdf
Javonte Williams,DAL,RB,31,16,,,26,ESPN 2026 PPR Top 300,14,,,,NFL26_CS_PPR300.pdf
Malik Nabers,NYG,WR,32,14,,,25,ESPN 2026 PPR Top 300,8,,,,NFL26_CS_PPR300.pdf
Tetairoa McMillan,CAR,WR,33,15,,,24,ESPN 2026 PPR Top 300,5,,,,NFL26_CS_PPR300.pdf
Zay Flowers,BAL,WR,34,16,,,23,ESPN 2026 PPR Top 300,13,,,,NFL26_CS_PPR300.pdf
DeVonta Smith,PHI,WR,35,17,,,22,ESPN 2026 PPR Top 300,10,,,,NFL26_CS_PPR300.pdf
Josh Allen,BUF,QB,36,1,,,22,ESPN 2026 PPR Top 300,7,,,,NFL26_CS_PPR300.pdf
Kyren Williams,LAR,RB,37,17,,,22,ESPN 2026 PPR Top 300,11,,,,NFL26_CS_PPR300.pdf
Travis Etienne Jr.,NO,RB,38,18,,,21,ESPN 2026 PPR Top 300,8,,,,NFL26_CS_PPR300.pdf
Cam Skattebo,NYG,RB,39,19,,,21,ESPN 2026 PPR Top 300,8,,,,NFL26_CS_PPR300.pdf
Quinshon Judkins,CLE,RB,40,20,,,20,ESPN 2026 PPR Top 300,11,,,,NFL26_CS_PPR300.pdf
Bucky Irving,TB,RB,41,21,,,19,ESPN 2026 PPR Top 300,10,,,,NFL26_CS_PPR300.pdf
Emeka Egbuka,TB,WR,42,18,,,19,ESPN 2026 PPR Top 300,10,,,,NFL26_CS_PPR300.pdf
Davante Adams,LAR,WR,43,19,,,18,ESPN 2026 PPR Top 300,11,,,,NFL26_CS_PPR300.pdf
Ladd McConkey,LAC,WR,44,20,,,17,ESPN 2026 PPR Top 300,7,,,,NFL26_CS_PPR300.pdf
Terry McLaurin,WAS,WR,45,21,,,17,ESPN 2026 PPR Top 300,7,,,,NFL26_CS_PPR300.pdf
Tee Higgins,CIN,WR,46,22,,,15,ESPN 2026 PPR Top 300,6,,,,NFL26_CS_PPR300.pdf
Jaylen Waddle,DEN,WR,47,23,,,15,ESPN 2026 PPR Top 300,10,,,,NFL26_CS_PPR300.pdf
Jameson Williams,DET,WR,48,24,,,14,ESPN 2026 PPR Top 300,6,,,,NFL26_CS_PPR300.pdf
Colston Loveland,CHI,TE,49,3,,,13,ESPN 2026 PPR Top 300,10,,,,NFL26_CS_PPR300.pdf
Tyler Warren,IND,TE,50,4,,,13,ESPN 2026 PPR Top 300,13,,,,NFL26_CS_PPR300.pdf
Carnell Tate,TEN,WR,51,25,,,12,ESPN 2026 PPR Top 300,9,,,,NFL26_CS_PPR300.pdf
Rome Odunze,CHI,WR,52,26,,,11,ESPN 2026 PPR Top 300,10,,,,NFL26_CS_PPR300.pdf
Luther Burden III,CHI,WR,53,27,,,11,ESPN 2026 PPR Top 300,10,,,,NFL26_CS_PPR300.pdf
DJ Moore,BUF,WR,54,28,,,10,ESPN 2026 PPR Top 300,7,,,,NFL26_CS_PPR300.pdf
Jayden Daniels,WAS,QB,55,2,,,10,ESPN 2026 PPR Top 300,7,,,,NFL26_CS_PPR300.pdf
Lamar Jackson,BAL,QB,56,3,,,10,ESPN 2026 PPR Top 300,13,,,,NFL26_CS_PPR300.pdf
Drake Maye,NE,QB,57,4,,,10,ESPN 2026 PPR Top 300,11,,,,NFL26_CS_PPR300.pdf
Jalen Hurts,PHI,QB,58,5,,,9,ESPN 2026 PPR Top 300,10,,,,NFL26_CS_PPR300.pdf
TreVeyon Henderson,NE,RB,59,22,,,9,ESPN 2026 PPR Top 300,11,,,,NFL26_CS_PPR300.pdf
Bhayshul Tuten,JAC,RB,60,23,,,9,ESPN 2026 PPR Top 300,7,,,,NFL26_CS_PPR300.pdf
D'Andre Swift,CHI,RB,61,24,,,8,ESPN 2026 PPR Top 300,10,,,,NFL26_CS_PPR300.pdf
David Montgomery,HOU,RB,62,25,,,8,ESPN 2026 PPR Top 300,8,,,,NFL26_CS_PPR300.pdf
Jadarian Price,SEA,RB,63,26,,,8,ESPN 2026 PPR Top 300,11,,,,NFL26_CS_PPR300.pdf
Tony Pollard,TEN,RB,64,27,,,7,ESPN 2026 PPR Top 300,9,,,,NFL26_CS_PPR300.pdf
Courtland Sutton,DEN,WR,65,29,,,7,ESPN 2026 PPR Top 300,10,,,,NFL26_CS_PPR300.pdf
Michael Pittman Jr.,PIT,WR,66,30,,,7,ESPN 2026 PPR Top 300,9,,,,NFL26_CS_PPR300.pdf
Alec Pierce,IND,WR,67,31,,,7,ESPN 2026 PPR Top 300,13,,,,NFL26_CS_PPR300.pdf
Marvin Harrison Jr.,ARI,WR,68,32,,,6,ESPN 2026 PPR Top 300,14,,,,NFL26_CS_PPR300.pdf
DK Metcalf,PIT,WR,69,33,,,6,ESPN 2026 PPR Top 300,9,,,,NFL26_CS_PPR300.pdf
Jordyn Tyson,NO,WR,70,34,,,6,ESPN 2026 PPR Top 300,8,,,,NFL26_CS_PPR300.pdf
Kyle Pitts Sr.,ATL,TE,71,5,,,6,ESPN 2026 PPR Top 300,11,,,,NFL26_CS_PPR300.pdf
Harold Fannin Jr.,CLE,TE,72,6,,,6,ESPN 2026 PPR Top 300,11,,,,NFL26_CS_PPR300.pdf
Sam LaPorta,DET,TE,73,7,,,6,ESPN 2026 PPR Top 300,6,,,,NFL26_CS_PPR300.pdf
Joe Burrow,CIN,QB,74,6,,,5,ESPN 2026 PPR Top 300,6,,,,NFL26_CS_PPR300.pdf
Jaxson Dart,NYG,QB,75,7,,,5,ESPN 2026 PPR Top 300,8,,,,NFL26_CS_PPR300.pdf
Mike Evans,SF,WR,76,35,,,5,ESPN 2026 PPR Top 300,8,,,,NFL26_CS_PPR300.pdf
Parker Washington,JAC,WR,77,36,,,5,ESPN 2026 PPR Top 300,7,,,,NFL26_CS_PPR300.pdf
Christian Watson,GB,WR,78,37,,,4,ESPN 2026 PPR Top 300,11,,,,NFL26_CS_PPR300.pdf
Matthew Golden,GB,WR,79,38,,,4,ESPN 2026 PPR Top 300,11,,,,NFL26_CS_PPR300.pdf
Michael Wilson,ARI,WR,80,39,,,4,ESPN 2026 PPR Top 300,14,,,,NFL26_CS_PPR300.pdf
Brian Thomas Jr.,JAC,WR,81,40,,,4,ESPN 2026 PPR Top 300,7,,,,NFL26_CS_PPR300.pdf
Trevor Lawrence,JAC,QB,82,8,,,4,ESPN 2026 PPR Top 300,7,,,,NFL26_CS_PPR300.pdf
Dak Prescott,DAL,QB,83,9,,,4,ESPN 2026 PPR Top 300,14,,,,NFL26_CS_PPR300.pdf
Bo Nix,DEN,QB,84,10,,,4,ESPN 2026 PPR Top 300,10,,,,NFL26_CS_PPR300.pdf
Brock Purdy,SF,QB,85,11,,,4,ESPN 2026 PPR Top 300,8,,,,NFL26_CS_PPR300.pdf
Matthew Stafford,LAR,QB,86,12,,,4,ESPN 2026 PPR Top 300,11,,,,NFL26_CS_PPR300.pdf
Caleb Williams,CHI,QB,87,13,,,3,ESPN 2026 PPR Top 300,10,,,,NFL26_CS_PPR300.pdf
Jakobi Meyers,JAC,WR,88,41,,,3,ESPN 2026 PPR Top 300,7,,,,NFL26_CS_PPR300.pdf
Wan'Dale Robinson,TEN,WR,89,42,,,3,ESPN 2026 PPR Top 300,9,,,,NFL26_CS_PPR300.pdf
Makai Lemon,PHI,WR,90,43,,,3,ESPN 2026 PPR Top 300,10,,,,NFL26_CS_PPR300.pdf
Josh Downs,IND,WR,91,44,,,3,ESPN 2026 PPR Top 300,13,,,,NFL26_CS_PPR300.pdf
Jordan Addison,MIN,WR,92,45,,,3,ESPN 2026 PPR Top 300,6,,,,NFL26_CS_PPR300.pdf
Justin Herbert,LAC,QB,93,14,,,3,ESPN 2026 PPR Top 300,7,,,,NFL26_CS_PPR300.pdf
Patrick Mahomes,KC,QB,94,15,,,3,ESPN 2026 PPR Top 300,5,,,,NFL26_CS_PPR300.pdf
Jaylen Warren,PIT,RB,95,28,,,3,ESPN 2026 PPR Top 300,9,,,,NFL26_CS_PPR300.pdf
Rhamondre Stevenson,NE,RB,96,29,,,2,ESPN 2026 PPR Top 300,11,,,,NFL26_CS_PPR300.pdf
Rico Dowdle,PIT,RB,97,30,,,2,ESPN 2026 PPR Top 300,9,,,,NFL26_CS_PPR300.pdf
Kenny Gainwell,TB,RB,98,31,,,2,ESPN 2026 PPR Top 300,10,,,,NFL26_CS_PPR300.pdf
Chuba Hubbard,CAR,RB,99,32,,,2,ESPN 2026 PPR Top 300,5,,,,NFL26_CS_PPR300.pdf
Aaron Jones Sr.,MIN,RB,100,33,,,2,ESPN 2026 PPR Top 300,6,,,,NFL26_CS_PPR300.pdf
George Kittle,SF,TE,101,8,,,2,ESPN 2026 PPR Top 300,8,,,,NFL26_CS_PPR300.pdf
Tucker Kraft,GB,TE,102,9,,,2,ESPN 2026 PPR Top 300,11,,,,NFL26_CS_PPR300.pdf
Dallas Goedert,PHI,TE,103,10,,,2,ESPN 2026 PPR Top 300,10,,,,NFL26_CS_PPR300.pdf
Travis Kelce,KC,TE,104,11,,,2,ESPN 2026 PPR Top 300,5,,,,NFL26_CS_PPR300.pdf
Rachaad White,WAS,RB,105,34,,,2,ESPN 2026 PPR Top 300,7,,,,NFL26_CS_PPR300.pdf
Jonathon Brooks,CAR,RB,106,35,,,2,ESPN 2026 PPR Top 300,5,,,,NFL26_CS_PPR300.pdf
J.K. Dobbins,DEN,RB,107,36,,,2,ESPN 2026 PPR Top 300,10,,,,NFL26_CS_PPR300.pdf
RJ Harvey,DEN,RB,108,37,,,2,ESPN 2026 PPR Top 300,10,,,,NFL26_CS_PPR300.pdf
Jake Ferguson,DAL,TE,109,12,,,2,ESPN 2026 PPR Top 300,14,,,,NFL26_CS_PPR300.pdf
Mark Andrews,BAL,TE,110,13,,,2,ESPN 2026 PPR Top 300,13,,,,NFL26_CS_PPR300.pdf
T.J. Hockenson,MIN,TE,111,14,,,2,ESPN 2026 PPR Top 300,6,,,,NFL26_CS_PPR300.pdf
Khalil Shakir,BUF,WR,112,46,,,2,ESPN 2026 PPR Top 300,7,,,,NFL26_CS_PPR300.pdf
Jayden Reed,GB,WR,113,47,,,2,ESPN 2026 PPR Top 300,11,,,,NFL26_CS_PPR300.pdf
Xavier Worthy,KC,WR,114,48,,,2,ESPN 2026 PPR Top 300,5,,,,NFL26_CS_PPR300.pdf
Kyle Monangai,CHI,RB,115,38,,,2,ESPN 2026 PPR Top 300,10,,,,NFL26_CS_PPR300.pdf
Kenyon Sadiq,NYJ,TE,116,15,,,2,ESPN 2026 PPR Top 300,13,,,,NFL26_CS_PPR300.pdf
Isaiah Likely,NYG,TE,117,16,,,2,ESPN 2026 PPR Top 300,8,,,,NFL26_CS_PPR300.pdf
Dalton Kincaid,BUF,TE,118,17,,,2,ESPN 2026 PPR Top 300,7,,,,NFL26_CS_PPR300.pdf
Hunter Henry,NE,TE,119,18,,,2,ESPN 2026 PPR Top 300,11,,,,NFL26_CS_PPR300.pdf
Jacory Croskey-Merritt,WAS,RB,120,39,,,2,ESPN 2026 PPR Top 300,7,,,,NFL26_CS_PPR300.pdf
Blake Corum,LAR,RB,121,40,,,1,ESPN 2026 PPR Top 300,11,,,,NFL26_CS_PPR300.pdf
Woody Marks,HOU,RB,122,41,,,1,ESPN 2026 PPR Top 300,8,,,,NFL26_CS_PPR300.pdf
Zach Charbonnet,SEA,RB,123,42,,,1,ESPN 2026 PPR Top 300,11,,,,NFL26_CS_PPR300.pdf
Quentin Johnston,LAC,WR,124,49,,,1,ESPN 2026 PPR Top 300,7,,,,NFL26_CS_PPR300.pdf
KC Concepcion,CLE,WR,125,50,,,1,ESPN 2026 PPR Top 300,11,,,,NFL26_CS_PPR300.pdf
Deebo Samuel Sr.,SF,WR,126,51,,,1,ESPN 2026 PPR Top 300,8,,,,NFL26_CS_PPR300.pdf
Stefon Diggs,WAS,WR,127,52,,,1,ESPN 2026 PPR Top 300,7,,,,NFL26_CS_PPR300.pdf
Chris Godwin Jr.,TB,WR,128,53,,,1,ESPN 2026 PPR Top 300,10,,,,NFL26_CS_PPR300.pdf
Romeo Doubs,NE,WR,129,54,,,1,ESPN 2026 PPR Top 300,11,,,,NFL26_CS_PPR300.pdf
Jayden Higgins,HOU,WR,130,55,,,1,ESPN 2026 PPR Top 300,8,,,,NFL26_CS_PPR300.pdf
Jalen Coker,CAR,WR,131,56,,,1,ESPN 2026 PPR Top 300,5,,,,NFL26_CS_PPR300.pdf
Jerry Jeudy,CLE,WR,132,57,,,1,ESPN 2026 PPR Top 300,11,,,,NFL26_CS_PPR300.pdf
Kyler Murray,MIN,QB,133,16,,,1,ESPN 2026 PPR Top 300,6,,,,NFL26_CS_PPR300.pdf
Tyler Shough,NO,QB,134,17,,,1,ESPN 2026 PPR Top 300,8,,,,NFL26_CS_PPR300.pdf
Jared Goff,DET,QB,135,18,,,1,ESPN 2026 PPR Top 300,6,,,,NFL26_CS_PPR300.pdf
Daniel Jones,IND,QB,136,19,,,1,ESPN 2026 PPR Top 300,13,,,,NFL26_CS_PPR300.pdf
Jordan Mason,MIN,RB,137,43,,,1,ESPN 2026 PPR Top 300,6,,,,NFL26_CS_PPR300.pdf
Alvin Kamara,NO,RB,138,44,,,1,ESPN 2026 PPR Top 300,8,,,,NFL26_CS_PPR300.pdf
Isiah Pacheco,DET,RB,139,45,,,1,ESPN 2026 PPR Top 300,6,,,,NFL26_CS_PPR300.pdf
Chris Rodriguez Jr.,JAC,RB,140,46,,,1,ESPN 2026 PPR Top 300,7,,,,NFL26_CS_PPR300.pdf
Brian Robinson Jr.,ATL,RB,141,47,,,1,ESPN 2026 PPR Top 300,11,,,,NFL26_CS_PPR300.pdf
Tank Bigsby,PHI,RB,142,48,,,1,ESPN 2026 PPR Top 300,10,,,,NFL26_CS_PPR300.pdf
Rashid Shaheed,SEA,WR,143,58,,,1,ESPN 2026 PPR Top 300,11,,,,NFL26_CS_PPR300.pdf
Jalen McMillan,TB,WR,144,59,,,1,ESPN 2026 PPR Top 300,10,,,,NFL26_CS_PPR300.pdf
Calvin Ridley,TEN,WR,145,60,,,1,ESPN 2026 PPR Top 300,9,,,,NFL26_CS_PPR300.pdf
Denzel Boston,CLE,WR,146,61,,,1,ESPN 2026 PPR Top 300,11,,,,NFL26_CS_PPR300.pdf
Travis Hunter,JAC,WR,147,62,,,1,ESPN 2026 PPR Top 300,7,,,,NFL26_CS_PPR300.pdf
Adonai Mitchell,NYJ,WR,148,63,,,1,ESPN 2026 PPR Top 300,13,,,,NFL26_CS_PPR300.pdf
Baker Mayfield,TB,QB,149,20,,,1,ESPN 2026 PPR Top 300,10,,,,NFL26_CS_PPR300.pdf
Malik Willis,MIA,QB,150,21,,,1,ESPN 2026 PPR Top 300,6,,,,NFL26_CS_PPR300.pdf
De'Zhaun Stribling,SF,WR,151,64,,,1,ESPN 2026 PPR Top 300,8,,,,NFL26_CS_PPR300.pdf
Germie Bernard,PIT,WR,152,65,,,1,ESPN 2026 PPR Top 300,9,,,,NFL26_CS_PPR300.pdf
Tre Tucker,LV,WR,153,66,,,1,ESPN 2026 PPR Top 300,13,,,,NFL26_CS_PPR300.pdf
Ray Davis,BUF,RB,154,49,,,1,ESPN 2026 PPR Top 300,7,,,,NFL26_CS_PPR300.pdf
Tyrone Tracy Jr.,NYG,RB,155,50,,,1,ESPN 2026 PPR Top 300,8,,,,NFL26_CS_PPR300.pdf
Mike Washington Jr.,LV,RB,156,51,,,1,ESPN 2026 PPR Top 300,13,,,,NFL26_CS_PPR300.pdf
Tyler Allgeier,ARI,RB,157,52,,,1,ESPN 2026 PPR Top 300,14,,,,NFL26_CS_PPR300.pdf
Dylan Sampson,CLE,RB,158,53,,,1,ESPN 2026 PPR Top 300,11,,,,NFL26_CS_PPR300.pdf
Terrance Ferguson,LAR,TE,159,19,,,1,ESPN 2026 PPR Top 300,11,,,,NFL26_CS_PPR300.pdf
Juwan Johnson,NO,TE,160,20,,,1,ESPN 2026 PPR Top 300,8,,,,NFL26_CS_PPR300.pdf
Jalen Nailor,LV,WR,161,67,,,0,ESPN 2026 PPR Top 300,13,,,,NFL26_CS_PPR300.pdf
Omar Cooper Jr.,NYJ,WR,162,68,,,0,ESPN 2026 PPR Top 300,13,,,,NFL26_CS_PPR300.pdf
Rashod Bateman,BAL,WR,163,69,,,0,ESPN 2026 PPR Top 300,13,,,,NFL26_CS_PPR300.pdf
Jauan Jennings,MIN,WR,164,70,,,0,ESPN 2026 PPR Top 300,6,,,,NFL26_CS_PPR300.pdf
Tank Dell,HOU,WR,165,71,,,0,ESPN 2026 PPR Top 300,8,,,,NFL26_CS_PPR300.pdf
Tyjae Spears,TEN,RB,166,54,,,0,ESPN 2026 PPR Top 300,9,,,,NFL26_CS_PPR300.pdf
Braelon Allen,NYJ,RB,167,55,,,0,ESPN 2026 PPR Top 300,13,,,,NFL26_CS_PPR300.pdf
Keaton Mitchell,LAC,RB,168,56,,,0,ESPN 2026 PPR Top 300,7,,,,NFL26_CS_PPR300.pdf
Broncos D/ST,DEN,DEF,169,1,,,0,ESPN 2026 PPR Top 300,10,,,,NFL26_CS_PPR300.pdf
Texans D/ST,HOU,DEF,170,2,,,0,ESPN 2026 PPR Top 300,8,,,,NFL26_CS_PPR300.pdf
Steelers D/ST,PIT,DEF,171,3,,,0,ESPN 2026 PPR Top 300,9,,,,NFL26_CS_PPR300.pdf
Seahawks D/ST,SEA,DEF,172,4,,,0,ESPN 2026 PPR Top 300,11,,,,NFL26_CS_PPR300.pdf
Rams D/ST,LAR,DEF,173,5,,,0,ESPN 2026 PPR Top 300,11,,,,NFL26_CS_PPR300.pdf
Ravens D/ST,BAL,DEF,174,6,,,0,ESPN 2026 PPR Top 300,13,,,,NFL26_CS_PPR300.pdf
Eagles D/ST,PHI,DEF,175,7,,,0,ESPN 2026 PPR Top 300,10,,,,NFL26_CS_PPR300.pdf
Browns D/ST,CLE,DEF,176,8,,,0,ESPN 2026 PPR Top 300,11,,,,NFL26_CS_PPR300.pdf
Patriots D/ST,NE,DEF,177,9,,,0,ESPN 2026 PPR Top 300,11,,,,NFL26_CS_PPR300.pdf
Lions D/ST,DET,DEF,178,10,,,0,ESPN 2026 PPR Top 300,6,,,,NFL26_CS_PPR300.pdf
Chiefs D/ST,KC,DEF,179,11,,,0,ESPN 2026 PPR Top 300,5,,,,NFL26_CS_PPR300.pdf
Chargers D/ST,LAC,DEF,180,12,,,0,ESPN 2026 PPR Top 300,7,,,,NFL26_CS_PPR300.pdf
Brandon Aubrey,DAL,PK,181,1,,,0,ESPN 2026 PPR Top 300,14,,,,NFL26_CS_PPR300.pdf
Cameron Dicker,LAC,PK,182,2,,,0,ESPN 2026 PPR Top 300,7,,,,NFL26_CS_PPR300.pdf
Jason Myers,SEA,PK,183,3,,,0,ESPN 2026 PPR Top 300,11,,,,NFL26_CS_PPR300.pdf
Harrison Mevis,LAR,PK,184,4,,,0,ESPN 2026 PPR Top 300,11,,,,NFL26_CS_PPR300.pdf
Ka'imi Fairbairn,HOU,PK,185,5,,,0,ESPN 2026 PPR Top 300,8,,,,NFL26_CS_PPR300.pdf
Eddy Pineiro,SF,PK,186,6,,,0,ESPN 2026 PPR Top 300,8,,,,NFL26_CS_PPR300.pdf
Harrison Butker,KC,PK,187,7,,,0,ESPN 2026 PPR Top 300,5,,,,NFL26_CS_PPR300.pdf
Cam Little,JAC,PK,188,8,,,0,ESPN 2026 PPR Top 300,7,,,,NFL26_CS_PPR300.pdf
Jake Bates,DET,PK,189,9,,,0,ESPN 2026 PPR Top 300,6,,,,NFL26_CS_PPR300.pdf
Tyler Loop,BAL,PK,190,10,,,0,ESPN 2026 PPR Top 300,13,,,,NFL26_CS_PPR300.pdf
Cairo Santos,CHI,PK,191,11,,,0,ESPN 2026 PPR Top 300,10,,,,NFL26_CS_PPR300.pdf
Will Reichard,MIN,PK,192,12,,,0,ESPN 2026 PPR Top 300,6,,,,NFL26_CS_PPR300.pdf
Jordan James,SF,RB,193,57,,,0,ESPN 2026 PPR Top 300,8,,,,NFL26_CS_PPR300.pdf
Brenton Strange,JAC,TE,194,21,,,0,ESPN 2026 PPR Top 300,7,,,,NFL26_CS_PPR300.pdf
James Conner,ARI,RB,195,58,,,0,ESPN 2026 PPR Top 300,14,,,,NFL26_CS_PPR300.pdf
Justice Hill,BAL,RB,196,59,,,0,ESPN 2026 PPR Top 300,13,,,,NFL26_CS_PPR300.pdf
Zachariah Branch,ATL,WR,197,72,,,0,ESPN 2026 PPR Top 300,11,,,,NFL26_CS_PPR300.pdf
Jordan Love,GB,QB,198,22,,,0,ESPN 2026 PPR Top 300,11,,,,NFL26_CS_PPR300.pdf
Cam Ward,TEN,QB,199,23,,,0,ESPN 2026 PPR Top 300,9,,,,NFL26_CS_PPR300.pdf
C.J. Stroud,HOU,QB,200,24,,,0,ESPN 2026 PPR Top 300,8,,,,NFL26_CS_PPR300.pdf
Darnell Mooney,NYG,WR,201,73,,,0,ESPN 2026 PPR Top 300,8,,,,NFL26_CS_PPR300.pdf
Tre Harris,LAC,WR,202,74,,,0,ESPN 2026 PPR Top 300,7,,,,NFL26_CS_PPR300.pdf
Ryan Flournoy,DAL,WR,203,75,,,0,ESPN 2026 PPR Top 300,14,,,,NFL26_CS_PPR300.pdf
Antonio Williams,WAS,WR,204,76,,,0,ESPN 2026 PPR Top 300,7,,,,NFL26_CS_PPR300.pdf
Jaylin Noel,HOU,WR,205,77,,,0,ESPN 2026 PPR Top 300,8,,,,NFL26_CS_PPR300.pdf
Pat Freiermuth,PIT,TE,206,22,,,0,ESPN 2026 PPR Top 300,9,,,,NFL26_CS_PPR300.pdf
Dalton Schultz,HOU,TE,207,23,,,0,ESPN 2026 PPR Top 300,8,,,,NFL26_CS_PPR300.pdf
Xavier Legette,CAR,WR,208,78,,,0,ESPN 2026 PPR Top 300,5,,,,NFL26_CS_PPR300.pdf
Jack Bech,LV,WR,209,79,,,0,ESPN 2026 PPR Top 300,13,,,,NFL26_CS_PPR300.pdf
Isaac TeSlaa,DET,WR,210,80,,,0,ESPN 2026 PPR Top 300,6,,,,NFL26_CS_PPR300.pdf
Chris Bell,MIA,WR,211,81,,,0,ESPN 2026 PPR Top 300,6,,,,NFL26_CS_PPR300.pdf
Jonah Coleman,DEN,RB,212,60,,,0,ESPN 2026 PPR Top 300,10,,,,NFL26_CS_PPR300.pdf
Kaelon Black,SF,RB,213,61,,,0,ESPN 2026 PPR Top 300,8,,,,NFL26_CS_PPR300.pdf
Kaytron Allen,WAS,RB,214,62,,,0,ESPN 2026 PPR Top 300,7,,,,NFL26_CS_PPR300.pdf
Gunnar Helm,TEN,TE,215,24,,,0,ESPN 2026 PPR Top 300,9,,,,NFL26_CS_PPR300.pdf
Chig Okonkwo,WAS,TE,216,25,,,0,ESPN 2026 PPR Top 300,7,,,,NFL26_CS_PPR300.pdf
AJ Barner,SEA,TE,217,26,,,0,ESPN 2026 PPR Top 300,11,,,,NFL26_CS_PPR300.pdf
Sam Darnold,SEA,QB,218,25,,,0,ESPN 2026 PPR Top 300,11,,,,NFL26_CS_PPR300.pdf
Bryce Young,CAR,QB,219,26,,,0,ESPN 2026 PPR Top 300,5,,,,NFL26_CS_PPR300.pdf
Fernando Mendoza,LV,QB,220,27,,,0,ESPN 2026 PPR Top 300,13,,,,NFL26_CS_PPR300.pdf
Nicholas Singleton,TEN,RB,221,63,,,0,ESPN 2026 PPR Top 300,9,,,,NFL26_CS_PPR300.pdf
Demond Claiborne,MIN,RB,222,64,,,0,ESPN 2026 PPR Top 300,6,,,,NFL26_CS_PPR300.pdf
Kimani Vidal,LAC,RB,223,65,,,0,ESPN 2026 PPR Top 300,7,,,,NFL26_CS_PPR300.pdf
Malik Washington,MIA,WR,224,82,,,0,ESPN 2026 PPR Top 300,6,,,,NFL26_CS_PPR300.pdf
Jaylen Wright,MIA,RB,225,66,,,0,ESPN 2026 PPR Top 300,6,,,,NFL26_CS_PPR300.pdf
Ollie Gordon II,MIA,RB,226,67,,,0,ESPN 2026 PPR Top 300,6,,,,NFL26_CS_PPR300.pdf
Jalen Tolbert,MIA,WR,227,83,,,0,ESPN 2026 PPR Top 300,6,,,,NFL26_CS_PPR300.pdf
Cooper Kupp,SEA,WR,228,84,,,0,ESPN 2026 PPR Top 300,11,,,,NFL26_CS_PPR300.pdf
Caleb Douglas,MIA,WR,229,85,,,0,ESPN 2026 PPR Top 300,6,,,,NFL26_CS_PPR300.pdf
Kayshon Boutte,NE,WR,230,86,,,0,ESPN 2026 PPR Top 300,11,,,,NFL26_CS_PPR300.pdf
Brandon Aiyuk,SF,WR,231,87,,,0,ESPN 2026 PPR Top 300,8,,,,NFL26_CS_PPR300.pdf
Ja'Kobi Lane,BAL,WR,232,88,,,0,ESPN 2026 PPR Top 300,13,,,,NFL26_CS_PPR300.pdf
Ted Hurst,TB,WR,233,89,,,0,ESPN 2026 PPR Top 300,10,,,,NFL26_CS_PPR300.pdf
Keon Coleman,BUF,WR,234,90,,,0,ESPN 2026 PPR Top 300,7,,,,NFL26_CS_PPR300.pdf
Buccaneers D/ST,TB,DEF,235,13,,,0,ESPN 2026 PPR Top 300,10,,,,NFL26_CS_PPR300.pdf
Packers D/ST,GB,DEF,236,14,,,0,ESPN 2026 PPR Top 300,11,,,,NFL26_CS_PPR300.pdf
Chris Boswell,PIT,PK,237,13,,,0,ESPN 2026 PPR Top 300,9,,,,NFL26_CS_PPR300.pdf
Chase McLaughlin,TB,PK,238,14,,,0,ESPN 2026 PPR Top 300,10,,,,NFL26_CS_PPR300.pdf
Adam Randall,BAL,RB,239,68,,,0,ESPN 2026 PPR Top 300,13,,,,NFL26_CS_PPR300.pdf
Samaje Perine,CIN,RB,240,69,,,0,ESPN 2026 PPR Top 300,6,,,,NFL26_CS_PPR300.pdf
LeQuint Allen,JAC,RB,241,70,,,0,ESPN 2026 PPR Top 300,7,,,,NFL26_CS_PPR300.pdf
MarShawn Lloyd,GB,RB,242,71,,,0,ESPN 2026 PPR Top 300,11,,,,NFL26_CS_PPR300.pdf
Jaydon Blue,DAL,RB,243,72,,,0,ESPN 2026 PPR Top 300,14,,,,NFL26_CS_PPR300.pdf
George Holani,SEA,RB,244,73,,,0,ESPN 2026 PPR Top 300,11,,,,NFL26_CS_PPR300.pdf
Ty Johnson,BUF,RB,245,74,,,0,ESPN 2026 PPR Top 300,7,,,,NFL26_CS_PPR300.pdf
Emari Demercado,KC,RB,246,75,,,0,ESPN 2026 PPR Top 300,5,,,,NFL26_CS_PPR300.pdf
Isaiah Davis,NYJ,RB,247,76,,,0,ESPN 2026 PPR Top 300,13,,,,NFL26_CS_PPR300.pdf
Emmett Johnson,KC,RB,248,77,,,0,ESPN 2026 PPR Top 300,5,,,,NFL26_CS_PPR300.pdf
Chris Brooks,GB,RB,249,78,,,0,ESPN 2026 PPR Top 300,11,,,,NFL26_CS_PPR300.pdf
Sean Tucker,TB,RB,250,79,,,0,ESPN 2026 PPR Top 300,10,,,,NFL26_CS_PPR300.pdf
DJ Giddens,IND,RB,251,80,,,0,ESPN 2026 PPR Top 300,13,,,,NFL26_CS_PPR300.pdf
Dontayvion Wicks,PHI,WR,252,91,,,0,ESPN 2026 PPR Top 300,10,,,,NFL26_CS_PPR300.pdf
Savion Williams,GB,WR,253,92,,,0,ESPN 2026 PPR Top 300,11,,,,NFL26_CS_PPR300.pdf
Jaguars D/ST,JAC,DEF,254,15,,,0,ESPN 2026 PPR Top 300,7,,,,NFL26_CS_PPR300.pdf
Colts D/ST,IND,DEF,255,16,,,0,ESPN 2026 PPR Top 300,13,,,,NFL26_CS_PPR300.pdf
Evan McPherson,CIN,PK,256,15,,,0,ESPN 2026 PPR Top 300,6,,,,NFL26_CS_PPR300.pdf
Nick Folk,ATL,PK,257,16,,,0,ESPN 2026 PPR Top 300,11,,,,NFL26_CS_PPR300.pdf
Oronde Gadsden,LAC,TE,258,27,,,0,ESPN 2026 PPR Top 300,7,,,,NFL26_CS_PPR300.pdf
Greg Dulcich,MIA,TE,259,28,,,0,ESPN 2026 PPR Top 300,6,,,,NFL26_CS_PPR300.pdf
Cade Otton,TB,TE,260,29,,,0,ESPN 2026 PPR Top 300,10,,,,NFL26_CS_PPR300.pdf
Pat Bryant,DEN,WR,261,93,,,0,ESPN 2026 PPR Top 300,10,,,,NFL26_CS_PPR300.pdf
Tory Horton,SEA,WR,262,94,,,0,ESPN 2026 PPR Top 300,11,,,,NFL26_CS_PPR300.pdf
Elijah Sarratt,BAL,WR,263,95,,,0,ESPN 2026 PPR Top 300,13,,,,NFL26_CS_PPR300.pdf
Dyami Brown,WAS,WR,264,96,,,0,ESPN 2026 PPR Top 300,7,,,,NFL26_CS_PPR300.pdf
Malik Davis,DAL,RB,265,81,,,0,ESPN 2026 PPR Top 300,14,,,,NFL26_CS_PPR300.pdf
Emanuel Wilson,SEA,RB,266,82,,,0,ESPN 2026 PPR Top 300,11,,,,NFL26_CS_PPR300.pdf
Geno Smith,NYJ,QB,267,28,,,0,ESPN 2026 PPR Top 300,13,,,,NFL26_CS_PPR300.pdf
Aaron Rodgers,PIT,QB,268,29,,,0,ESPN 2026 PPR Top 300,9,,,,NFL26_CS_PPR300.pdf
Jacoby Brissett,ARI,QB,269,30,,,0,ESPN 2026 PPR Top 300,14,,,,NFL26_CS_PPR300.pdf
Deshaun Watson,CLE,QB,270,31,,,0,ESPN 2026 PPR Top 300,11,,,,NFL26_CS_PPR300.pdf
Darius Slayton,NYG,WR,271,97,,,0,ESPN 2026 PPR Top 300,8,,,,NFL26_CS_PPR300.pdf
Treylon Burks,WAS,WR,272,98,,,0,ESPN 2026 PPR Top 300,7,,,,NFL26_CS_PPR300.pdf
Tyquan Thornton,KC,WR,273,99,,,0,ESPN 2026 PPR Top 300,5,,,,NFL26_CS_PPR300.pdf
Andrei Iosivas,CIN,WR,274,100,,,0,ESPN 2026 PPR Top 300,6,,,,NFL26_CS_PPR300.pdf
Jahan Dotson,ATL,WR,275,101,,,0,ESPN 2026 PPR Top 300,11,,,,NFL26_CS_PPR300.pdf
Will Shipley,PHI,RB,276,83,,,0,ESPN 2026 PPR Top 300,10,,,,NFL26_CS_PPR300.pdf
Devin Singletary,NYG,RB,277,84,,,0,ESPN 2026 PPR Top 300,8,,,,NFL26_CS_PPR300.pdf
Tyler Badie,DEN,RB,278,85,,,0,ESPN 2026 PPR Top 300,10,,,,NFL26_CS_PPR300.pdf
Tahj Brooks,CIN,RB,279,86,,,0,ESPN 2026 PPR Top 300,6,,,,NFL26_CS_PPR300.pdf
Trevor Etienne,CAR,RB,280,87,,,0,ESPN 2026 PPR Top 300,5,,,,NFL26_CS_PPR300.pdf
Seth McGowan,IND,RB,281,88,,,0,ESPN 2026 PPR Top 300,13,,,,NFL26_CS_PPR300.pdf
Kendre Miller,NO,RB,282,89,,,0,ESPN 2026 PPR Top 300,8,,,,NFL26_CS_PPR300.pdf
Jawhar Jordan,HOU,RB,283,90,,,0,ESPN 2026 PPR Top 300,8,,,,NFL26_CS_PPR300.pdf
Marvin Mims Jr.,DEN,WR,284,102,,,0,ESPN 2026 PPR Top 300,10,,,,NFL26_CS_PPR300.pdf
Bengals D/ST,CIN,DEF,285,17,,,0,ESPN 2026 PPR Top 300,6,,,,NFL26_CS_PPR300.pdf
Bears D/ST,CHI,DEF,286,18,,,0,ESPN 2026 PPR Top 300,10,,,,NFL26_CS_PPR300.pdf
Trey Smack,GB,PK,287,17,,,0,ESPN 2026 PPR Top 300,11,,,,NFL26_CS_PPR300.pdf
Jake Elliott,PHI,PK,288,18,,,0,ESPN 2026 PPR Top 300,10,,,,NFL26_CS_PPR300.pdf
Mike Gesicki,CIN,TE,289,30,,,0,ESPN 2026 PPR Top 300,6,,,,NFL26_CS_PPR300.pdf
Evan Engram,DEN,TE,290,31,,,0,ESPN 2026 PPR Top 300,10,,,,NFL26_CS_PPR300.pdf
David Njoku,LAC,TE,291,32,,,0,ESPN 2026 PPR Top 300,7,,,,NFL26_CS_PPR300.pdf
Michael Mayer,LV,TE,292,33,,,0,ESPN 2026 PPR Top 300,13,,,,NFL26_CS_PPR300.pdf
Jake Tonges,SF,TE,293,34,,,0,ESPN 2026 PPR Top 300,8,,,,NFL26_CS_PPR300.pdf
KaVontae Turpin,DAL,WR,294,103,,,0,ESPN 2026 PPR Top 300,14,,,,NFL26_CS_PPR300.pdf
Jaylin Lane,WAS,WR,295,104,,,0,ESPN 2026 PPR Top 300,7,,,,NFL26_CS_PPR300.pdf
Tua Tagovailoa,ATL,QB,296,32,,,0,ESPN 2026 PPR Top 300,11,,,,NFL26_CS_PPR300.pdf
49ers D/ST,SF,DEF,297,19,,,0,ESPN 2026 PPR Top 300,8,,,,NFL26_CS_PPR300.pdf
Jets D/ST,NYJ,DEF,298,20,,,0,ESPN 2026 PPR Top 300,13,,,,NFL26_CS_PPR300.pdf
Saints D/ST,NO,DEF,299,21,,,0,ESPN 2026 PPR Top 300,8,,,,NFL26_CS_PPR300.pdf
Panthers D/ST,CAR,DEF,300,22,,,0,ESPN 2026 PPR Top 300,5,,,,NFL26_CS_PPR300.pdf
