overall_rank,player_name,team,position,position_rank,bye_week,adp,auction_value,source
1,J. Gibbs,DET,RB,1,6,1.6,51,PFF
2,Bijan Robinson,ATL,RB,2,11,1.8,54,PFF
3,P. Nacua,LAR,WR,1,11,4.6,40,PFF
4,J. Taylor,IND,RB,3,13,7.1,33,PFF
5,J. Chase,CIN,WR,2,6,3.3,59,PFF
6,C. McCaffrey,SF,RB,4,8,5.5,44,PFF
7,J. Smith-Njigba,SEA,WR,3,11,6.5,30,PFF
8,J. Jefferson,MIN,WR,4,6,12.3,49,PFF
9,J. Cook,BUF,RB,5,7,9.9,23,PFF
10,D. Achane,MIA,RB,6,6,15.8,36,PFF
11,A. St. Brown,DET,WR,5,6,8.2,43,PFF
12,C. Lamb,DAL,WR,6,14,10.1,51,PFF
13,A. Jeanty,LV,RB,7,13,13.7,41,PFF
14,C. Brown,CIN,RB,8,6,16.7,40,PFF
15,K. Walker III,KC,RB,9,5,17.8,22,PFF
16,S. Barkley,PHI,RB,10,10,12.8,46,PFF
17,O. Hampton,LAC,RB,11,7,18.4,27,PFF
18,D. London,ATL,WR,7,11,18.2,44,PFF
19,D. Henry,BAL,RB,12,13,18.4,37,PFF
20,A. Brown,NE,WR,8,11,25.3,32,PFF
21,K. Williams,LAR,RB,13,11,29.5,29,PFF
22,N. Collins,HOU,WR,9,8,21.9,45,PFF
23,J. Jacobs,GB,RB,14,11,31.7,32,PFF
24,J. Love,ARI,RB,15,14,27.1,,PFF
25,D. Smith,PHI,WR,10,10,29.3,17,PFF
26,C. Olave,NO,WR,11,8,32.5,10,PFF
27,T. McBride,ARI,TE,1,14,24.5,26,PFF
28,G. Pickens,DAL,WR,12,14,22.3,22,PFF
29,B. Bowers,LV,TE,2,13,20.9,30,PFF
30,J. Allen,BUF,QB,1,7,19.5,21,PFF
31,Z. Flowers,BAL,WR,13,13,38.4,14,PFF
32,J. Williams,DAL,RB,16,14,34.9,5,PFF
33,R. Rice,KC,WR,14,5,33,14,PFF
34,B. Hall,NYJ,RB,17,13,36.8,22,PFF
35,G. Wilson,NYJ,WR,15,13,48.6,27,PFF
36,L. McConkey,LAC,WR,16,7,46,37,PFF
37,T. McMillan,CAR,WR,17,5,41.2,23,PFF
38,Q. Judkins,CLE,RB,18,11,53.1,3,PFF
39,L. Burden III,CHI,WR,18,10,58,3,PFF
40,E. Egbuka,TB,WR,19,10,43.7,18,PFF
41,M. Nabers,NYG,WR,20,8,35.1,44,PFF
42,C. Skattebo,NYG,RB,19,8,41.1,4,PFF
43,B. Irving,TB,RB,20,10,53.3,37,PFF
44,T. Higgins,CIN,WR,21,6,33.3,28,PFF
45,D. Swift,CHI,RB,21,10,49.3,13,PFF
46,T. McLaurin,WAS,WR,22,7,54.3,19,PFF
47,C. Loveland,CHI,TE,3,10,39.4,3,PFF
48,D. Montgomery,HOU,RB,22,8,53.5,9,PFF
49,D. Maye,NE,QB,2,11,47.2,3,PFF
50,J. Waddle,DEN,WR,23,10,44.2,17,PFF
51,J. Williams,DET,WR,24,6,65.1,19,PFF
52,D. Moore,BUF,WR,25,7,65.2,20,PFF
53,T. Etienne Jr.,NO,RB,23,8,42.9,7,PFF
54,C. Watson,GB,WR,26,11,68.1,1,PFF
55,D. Adams,LAR,WR,27,11,50.5,23,PFF
56,P. Washington,JAX,WR,28,7,87.3,1,PFF
57,T. Pollard,TEN,RB,24,9,86.2,15,PFF
58,J. Hurts,PHI,QB,3,10,56.6,14,PFF
59,L. Jackson,BAL,QB,4,13,36.5,21,PFF
60,R. Odunze,CHI,WR,29,10,69,11,PFF
61,J. Daniels,WAS,QB,5,7,53.6,16,PFF
62,C. Tate,TEN,WR,30,9,78,,PFF
63,J. Burrow,CIN,QB,6,6,47.1,18,PFF
64,R. Dowdle,PIT,RB,25,9,86.4,2,PFF
65,M. Evans,SF,WR,31,8,65.7,22,PFF
66,B. Thomas Jr.,JAX,WR,32,7,84.7,45,PFF
67,R. Stevenson,NE,RB,26,11,81.8,3,PFF
68,D. Metcalf,PIT,WR,33,9,86.1,21,PFF
69,T. Henderson,NE,RB,27,11,60.2,23,PFF
70,T. Kraft,GB,TE,4,11,61.2,4,PFF
71,T. Warren,IND,TE,5,13,47.7,8,PFF
72,B. Tuten,JAX,RB,28,7,62.7,3,PFF
73,S. LaPorta,DET,TE,6,6,63.6,9,PFF
74,J. Warren,PIT,RB,29,9,76.6,8,PFF
75,H. Fannin Jr.,CLE,TE,7,11,71.4,1,PFF
76,J. Herbert,LAC,QB,7,7,68.1,2,PFF
77,T. Lawrence,JAX,QB,8,7,85.5,3,PFF
78,G. Kittle,SF,TE,8,8,89,18,PFF
79,K. Pitts,ATL,TE,9,11,73.6,2,PFF
80,J. Tyson,NO,WR,34,8,91.3,,PFF
81,A. Pierce,IND,WR,35,13,84.3,1,PFF
82,M. Wilson,ARI,WR,36,14,104.9,1,PFF
83,J. Downs,IND,WR,37,13,116.3,5,PFF
84,B. Purdy,SF,QB,9,8,97.9,3,PFF
85,M. Harrison Jr.,ARI,WR,38,14,79.7,25,PFF
86,J. Price,SEA,RB,30,11,65.9,,PFF
87,Q. Johnston,LAC,WR,39,7,107.8,1,PFF
88,X. Worthy,KC,WR,40,5,128.4,20,PFF
89,J. Brooks,CAR,RB,31,5,106.3,,PFF
90,M. Lemon,PHI,WR,41,10,105.5,,PFF
91,J. Dobbins,DEN,RB,32,10,98.6,7,PFF
92,C. Williams,CHI,QB,10,10,69.7,3,PFF
93,T. Kelce,KC,TE,10,5,94.6,7,PFF
94,D. Kincaid,BUF,TE,11,7,100,3,PFF
95,C. Hubbard,CAR,RB,33,5,74.9,19,PFF
96,C. Sutton,DEN,WR,42,10,100,22,PFF
97,J. Mason,MIN,RB,34,6,120.4,9,PFF
98,B. Corum,LAR,RB,35,11,98.8,1,PFF
99,D. Prescott,DAL,QB,11,14,75.6,7,PFF
100,M. Pittman Jr.,PIT,WR,43,9,120.3,7,PFF
101,M. Andrews,BAL,TE,12,13,114,5,PFF
102,W. Robinson,TEN,WR,44,9,130.8,2,PFF
103,I. Likely,NYG,TE,13,8,108.7,1,PFF
104,K. Gainwell,TB,RB,36,10,115.9,,PFF
105,C. Godwin,TB,WR,45,10,98.1,6,PFF
106,A. Jones,MIN,RB,37,6,121.5,8,PFF
107,C. Rodriguez Jr.,JAX,RB,38,7,132.8,2,PFF
108,J. Meyers,JAX,WR,46,7,127.7,10,PFF
109,R. Harvey,DEN,RB,39,10,99.3,17,PFF
110,K. Murray,MIN,QB,12,6,110.9,3,PFF
111,B. Nix,DEN,QB,13,10,101,5,PFF
112,K. Monangai,CHI,RB,40,10,98.2,1,PFF
113,J. Dart,NYG,QB,14,8,82.8,1,PFF
114,P. Mahomes,KC,QB,15,5,97.8,9,PFF
115,M. Stafford,LAR,QB,16,11,100.3,1,PFF
116,R. White,WAS,RB,41,7,120.1,3,PFF
117,C. Okonkwo,WAS,TE,14,7,126.7,1,PFF
118,J. Reed,GB,WR,47,11,120.1,5,PFF
119,J. Higgins,HOU,WR,48,8,133.3,4,PFF
120,J. Goff,DET,QB,17,6,114.9,3,PFF
121,Z. Charbonnet,SEA,RB,42,11,128.7,10,PFF
122,J. Ferguson,DAL,TE,15,14,114.2,3,PFF
123,J. Croskey-Merritt,WAS,RB,43,7,117.4,8,PFF
124,K. Concepcion,CLE,WR,49,11,132.1,,PFF
125,K. Mitchell,LAC,RB,44,7,132.6,1,PFF
126,B. Strange,JAX,TE,16,7,128.6,2,PFF
127,T. Allgeier,ARI,RB,45,14,130.1,3,PFF
128,R. Shaheed,SEA,WR,50,11,129,2,PFF
129,D. Goedert,PHI,TE,17,10,106.3,2,PFF
130,T. Tracy,NYG,RB,46,8,130.8,8,PFF
131,H. Henry,NE,TE,18,11,128.4,2,PFF
132,D. Sampson,CLE,RB,47,11,131.4,3,PFF
133,B. Mayfield,TB,QB,18,10,127.3,5,PFF
134,W. Marks,HOU,RB,48,8,132.3,2,PFF
135,J. Love,GB,QB,19,11,124.5,2,PFF
136,D. Samuel,SF,WR,51,8,127.7,11,PFF
137,Brian Robinson,ATL,RB,49,11,124.2,2,PFF
138,I. Pacheco,DET,RB,50,6,126.6,14,PFF
139,M. Willis,MIA,QB,20,6,125,,PFF
140,J. Addison,MIN,WR,52,6,118.6,8,PFF
141,M. Golden,GB,WR,53,11,129.8,11,PFF
142,T. Spears,TEN,RB,51,9,133.1,3,PFF
143,T. Bigsby,PHI,RB,52,10,131.4,4,PFF
144,K. Shakir,BUF,WR,54,7,132.3,6,PFF
145,T. Shough,NO,QB,21,8,129.9,,PFF
146,G. Dulcich,MIA,TE,19,6,132.8,,PFF
147,K. Black,SF,RB,53,8,,,PFF
148,K. Sadiq,NYJ,TE,20,13,129.8,,PFF
149,R. Doubs,NE,WR,55,11,132.1,2,PFF
150,J. Johnson,NO,TE,21,8,130.2,,PFF
151,J. Jennings,MIN,WR,56,6,128.3,6,PFF
152,T. Hockenson,MIN,TE,22,6,130.1,8,PFF
153,D. Boston,CLE,WR,57,11,131.2,,PFF
154,D. Schultz,HOU,TE,23,8,128.8,1,PFF
155,S. Darnold,SEA,QB,22,11,123.3,1,PFF
156,A. Mitchell,NYJ,WR,58,13,,1,PFF
157,R. Davis,BUF,RB,54,7,,3,PFF
158,O. Gadsden II,LAC,TE,24,7,126.2,1,PFF
159,A. Kamara,NO,RB,55,8,126.6,18,PFF
160,J. Coker,CAR,WR,59,5,133.6,1,PFF
161,J. McMillan,TB,WR,60,10,130.1,1,PFF
162,C. Stroud,HOU,QB,23,8,126,2,PFF
163,J. Nailor,LV,WR,61,13,130.6,1,PFF
164,T. Tucker,LV,WR,62,13,,,PFF
165,J. Jeudy,CLE,WR,63,11,,12,PFF
166,J. Blue,DAL,RB,56,14,,4,PFF
167,T. Harris,LAC,WR,64,7,,1,PFF
168,M. Washington Jr.,LV,RB,57,13,130.3,,PFF
169,A. Barner,SEA,TE,25,11,126.4,,PFF
170,P. Freiermuth,PIT,TE,26,9,125.3,1,PFF
171,M. Lloyd,GB,RB,58,11,,1,PFF
172,B. Allen,NYJ,RB,59,13,,5,PFF
173,D. Stribling,SF,WR,65,8,132.1,,PFF
174,R. Flournoy,DAL,WR,66,14,,,PFF
175,G. Holani,SEA,RB,60,11,,,PFF
176,I. TeSlaa,DET,WR,67,6,126.3,1,PFF
177,O. Cooper Jr.,NYJ,WR,68,13,131.1,,PFF
178,K. Allen,WAS,RB,61,7,,,PFF
179,C. Ridley,TEN,WR,69,9,,21,PFF
180,D. Jones,IND,QB,24,13,128.7,1,PFF
181,J. Coleman,DEN,RB,62,10,131.3,,PFF
182,T. Hunter,JAX,WR,70,7,126.9,12,PFF
183,J. James,SF,RB,63,8,,,PFF
184,A. Williams,WAS,WR,71,7,,,PFF
185,D. Mooney,NYG,WR,72,8,,3,PFF
186,D. Wicks,PHI,WR,73,10,,1,PFF
187,S. Diggs,WAS,WR,74,7,119.2,10,PFF
188,J. Tolbert,MIA,WR,75,6,,,PFF
189,T. Hurst,TB,WR,76,10,,,PFF
190,R. Bateman,BAL,WR,77,13,,2,PFF
191,M. Washington,MIA,WR,78,6,,1,PFF
192,J. Noel,HOU,WR,79,8,,1,PFF
193,B. Aubrey,DAL,K,1,14,85.1,,PFF
194,Los Angeles Rams DST,LAR,DEF,1,11,90.7,,PFF
195,Seattle Seahawks DST,SEA,DEF,2,11,106.5,,PFF
196,Houston Texans DST,HOU,DEF,3,8,92.2,,PFF
197,Denver Broncos DST,DEN,DEF,4,10,100.8,,PFF
198,Philadelphia Eagles DST,PHI,DEF,5,10,123.4,,PFF
199,Baltimore Ravens DST,BAL,DEF,6,13,137.2,,PFF
200,C. Dicker,LAC,K,2,7,123.6,,PFF
201,Pittsburgh Steelers DST,PIT,DEF,7,9,134.8,,PFF
202,J. Myers,SEA,K,3,11,125.8,,PFF
203,T. Loop,BAL,K,4,13,141.7,,PFF
204,H. Mevis,LAR,K,5,11,133.3,,PFF
205,C. McLaughlin,TB,K,6,10,141.9,,PFF
206,C. Little,JAX,K,7,7,128.6,,PFF
207,E. McPherson,CIN,K,8,6,142.8,,PFF
208,E. Pineiro,SF,K,9,8,143.8,,PFF
209,K. Fairbairn,HOU,K,10,8,119.6,,PFF
210,C. Santos,CHI,K,11,10,144.7,,PFF
211,C. Boswell,PIT,K,12,9,138.6,,PFF
212,Los Angeles Chargers DST,LAC,DEF,8,7,138.7,,PFF
213,New England Patriots DST,NE,DEF,9,11,126.6,,PFF
214,Chicago Bears DST,CHI,DEF,10,10,128.7,,PFF
215,Green Bay Packers DST,GB,DEF,11,11,137.7,,PFF
216,Jacksonville Jaguars DST,JAX,DEF,12,7,136.9,,PFF
217,T. Ferguson,LAR,TE,27,11,127,,PFF
218,J. Brissett,ARI,QB,25,14,,,PFF
219,C. Ward,TEN,QB,26,9,125.8,1,PFF
220,G. Helm,TEN,TE,28,9,,,PFF
221,J. Conner,ARI,RB,64,14,126.5,14,PFF
222,C. Otton,TB,TE,29,10,,1,PFF
223,S. Perine,CIN,RB,65,6,,1,PFF
224,J. Dotson,ATL,WR,80,11,,,PFF
225,C. Douglas,MIA,WR,81,6,,,PFF
226,G. Bernard,PIT,WR,82,9,,,PFF
227,D. Vele,NO,WR,83,8,,1,PFF
228,D. Giddens,IND,RB,66,13,,1,PFF
229,Z. Branch,ATL,WR,84,11,,,PFF
230,K. Boutte,NE,WR,85,11,,,PFF
231,C. Bell,MIA,WR,86,6,,,PFF
232,M. Gesicki,CIN,TE,30,6,,1,PFF
233,Minnesota Vikings DST,MIN,DEF,13,6,131.2,,PFF
234,Detroit Lions DST,DET,DEF,14,6,137.4,,PFF
235,J. Bates,DET,K,13,6,138.4,,PFF
236,W. Reichard,MIN,K,14,6,138.2,,PFF
237,Atlanta Falcons DST,ATL,DEF,15,11,134.7,,PFF
238,Cleveland Browns DST,CLE,DEF,16,11,135.3,,PFF
239,T. Bass,BUF,K,15,7,135.4,,PFF
240,K. Vidal,LAC,RB,67,7,,1,PFF
241,A. Borregales,NE,K,16,11,144.7,,PFF
242,T. Dell,HOU,WR,87,8,,1,PFF
243,F. Mendoza,LV,QB,27,13,121.6,,PFF
244,D. Claiborne,MIN,RB,68,6,,,PFF
245,E. Engram,DEN,TE,31,10,,6,PFF
246,E. Demercado,KC,RB,69,5,,,PFF
247,D. Slayton,NYG,WR,88,8,,1,PFF
248,E. Johnson,KC,RB,70,5,,,PFF
249,O. Gordon II,MIA,RB,71,6,,4,PFF
250,C. Kupp,SEA,WR,89,11,115.3,7,PFF
251,T. Thornton,KC,WR,90,5,,,PFF
252,P. Bryant,DEN,WR,91,10,,1,PFF
253,B. Young,CAR,QB,28,5,123.1,1,PFF
254,M. Mayer,LV,TE,32,13,,,PFF
255,J. Hill,BAL,RB,72,13,,1,PFF
256,J. Wright,MIA,RB,73,6,,1,PFF
257,J. Bech,LV,WR,92,13,,1,PFF
258,C. Brooks,GB,RB,74,11,,,PFF
259,C. Kirk,SF,WR,93,8,,4,PFF
260,N. Singleton,TEN,RB,75,9,,,PFF
261,X. Legette,CAR,WR,94,5,,2,PFF
262,T. Franklin,DEN,WR,95,10,,1,PFF
263,A. Randall,BAL,RB,76,13,,,PFF
264,A. Rodgers,PIT,QB,29,9,117.2,,PFF
265,M. Davis,DAL,RB,77,14,,,PFF
266,D. Washington,PIT,TE,33,9,,,PFF
267,L. Allen,JAX,RB,78,7,,1,PFF
268,R. Wilson,PIT,WR,96,9,,1,PFF
269,S. McGowan,IND,RB,79,13,,,PFF
270,A. Iosivas,CIN,WR,97,6,,1,PFF
271,K. Bourne,ARI,WR,98,14,,,PFF
272,T. Horton,SEA,WR,99,11,,1,PFF
273,T. Brooks,CIN,RB,80,6,,2,PFF
274,S. Vaki,DET,RB,81,6,,,PFF
275,G. Smith,NYJ,QB,30,13,,1,PFF
276,E. Arroyo,SEA,TE,34,11,,1,PFF
277,S. Tucker,TB,RB,82,10,,2,PFF
278,D. Laube,LV,RB,83,13,,,PFF
279,M. Brown,PHI,WR,100,10,,3,PFF
280,O. Zaccheaus,ATL,WR,101,11,,1,PFF
281,J. Palmer,BUF,WR,102,7,,2,PFF
282,D. Douglas,NE,WR,103,11,,2,PFF
283,T. Tagovailoa,ATL,QB,31,11,,1,PFF
284,K. Miller,NO,RB,84,8,,1,PFF
285,D. Njoku,LAC,TE,35,7,125.2,5,PFF
286,D. Walker,BAL,WR,104,13,,,PFF
287,J. Lane,BAL,WR,105,13,,,PFF
288,K. Coleman,BUF,WR,106,7,,6,PFF
289,T. Johnson,BUF,RB,85,7,,1,PFF
290,C. Parkinson,LAR,TE,36,11,,,PFF
291,S. Williams,GB,WR,107,11,,1,PFF
292,Kansas City Chiefs DST,KC,DEF,17,5,135.6,,PFF
293,S. Sanders,CLE,QB,32,11,,,PFF
294,Buffalo Bills DST,BUF,DEF,18,7,131.9,,PFF
295,Tampa Bay Buccaneers DST,TB,DEF,19,10,,,PFF
296,San Francisco 49ers DST,SF,DEF,20,8,128.6,,PFF
297,H. Butker,KC,K,17,5,133,,PFF
298,W. Lutz,DEN,K,18,10,132.6,,PFF
299,N. Folk,ATL,K,19,11,129.8,,PFF
300,J. Moody,WAS,K,20,7,,,PFF
301,Indianapolis Colts DST,IND,DEF,21,13,,,PFF
302,T. Smack,GB,K,21,11,,,PFF
303,J. Jordan,HOU,RB,86,8,,,PFF
304,M. Penix Jr.,ATL,QB,33,11,,1,PFF
305,C. Kmet,CHI,TE,37,10,,,PFF
306,D. Singletary,NYG,RB,87,8,,1,PFF
307,J. Royals,KC,WR,108,5,,1,PFF
308,A. Dulin,IND,WR,109,13,,,PFF
309,K. Raymond,CHI,WR,110,10,,,PFF
310,T. Etienne,CAR,RB,88,5,,1,PFF
311,C. Austin III,NYG,WR,111,8,,1,PFF
312,T. Johnson,NYG,TE,38,8,,1,PFF
313,D. Watson,CLE,QB,34,11,,,PFF
314,M. Fields,NYG,WR,112,8,,,PFF
315,I. Davis,NYJ,RB,89,13,,,PFF
316,T. Burks,WAS,WR,113,7,,,PFF
317,New Orleans Saints DST,NO,DEF,22,8,,,PFF
318,B. Grupe,IND,K,22,13,,,PFF
319,E. Wilson,SEA,RB,90,11,,1,PFF
320,E. Sarratt,BAL,WR,114,13,,,PFF
321,J. Sanders,CAR,TE,39,5,,1,PFF
322,J. Lane,WAS,WR,115,7,,1,PFF
323,Z. Thomas,CHI,WR,116,10,,,PFF
324,R. Johnson,CHI,RB,91,10,,1,PFF
325,K. Cousins,LV,QB,35,13,,,PFF
326,W. Shipley,PHI,RB,92,10,,2,PFF
327,T. Atwell,MIA,WR,117,6,,1,PFF
328,M. Mims Jr.,DEN,WR,118,10,,4,PFF
329,I. Bond,CLE,WR,119,11,,1,PFF
330,T. Tremble,CAR,TE,40,5,,,PFF
331,T. Goodson,ATL,RB,93,11,,,PFF
332,J. Fields,KC,QB,36,5,,4,PFF
333,Carolina Panthers DST,CAR,DEF,23,5,,,PFF
334,J. Elliott,PHI,K,23,10,129.9,,PFF
335,R. Sanders,CLE,RB,94,11,,,PFF
336,B. Lance,NO,WR,120,8,,,PFF
337,D. Thornton Jr.,LV,WR,121,13,,1,PFF
338,E. Stowers,PHI,TE,41,10,,,PFF
339,C. Dike,TEN,WR,122,9,,,PFF
340,T. Benson,ARI,RB,95,14,,5,PFF
341,C. Beck,ARI,QB,37,14,,,PFF
342,S. Bell,BUF,WR,123,7,,,PFF
343,E. Heidenreich,PIT,RB,96,9,,,PFF
344,M. Tinsley,CIN,WR,124,6,,,PFF
345,E. Ayomanor,TEN,WR,125,9,,1,PFF
346,J. Tonges,SF,TE,42,8,,,PFF
347,Cincinnati Bengals DST,CIN,DEF,24,6,,,PFF
348,J. Slye,TEN,K,24,9,,,PFF
349,J. Hunter,LAR,RB,97,11,,1,PFF
350,X. Smith,LAR,WR,126,11,,,PFF
351,A. Richardson,IND,QB,38,13,,1,PFF
352,J. Miller,NE,RB,98,11,,,PFF
353,M. Hollins,NE,WR,127,11,,,PFF
354,K. Lambert-Smith,LAC,WR,128,7,,1,PFF
355,K. Johnson,PIT,RB,99,9,,8,PFF
356,N. Gray,KC,TE,43,5,,1,PFF
357,X. Hutchinson,HOU,WR,129,8,,,PFF
358,J. McCarthy,MIN,QB,39,6,,2,PFF
359,B. Thompson,LAC,WR,130,7,,,PFF
360,J. Ford,WAS,RB,100,7,,2,PFF
361,K. Allen,LAC,WR,131,7,,3,PFF
362,Dallas Cowboys DST,DAL,DEF,25,14,128.8,,PFF
363,D. Zvada,NYG,K,25,8,,,PFF
364,D. Knox,BUF,TE,44,7,,,PFF
365,T. Johnson,TB,WR,132,10,,1,PFF
366,K. Turpin,DAL,WR,133,14,,,PFF
367,R. Rivers,LAR,RB,101,11,,,PFF
368,D. Neal,NO,RB,102,8,,1,PFF
369,T. Simpson,LAR,QB,40,11,,,PFF
370,C. Young,CIN,WR,134,6,,,PFF
371,T. Felton,MIN,WR,135,6,,,PFF
372,L. Larison,NE,RB,103,11,,,PFF
373,M. Taylor,NYJ,TE,45,13,,1,PFF
374,D. Brown,WAS,WR,136,7,,1,PFF
375,M. Mariota,WAS,QB,41,7,,,PFF
376,K. Williams,NE,WR,137,11,,2,PFF
377,Tennessee Titans DST,TEN,DEF,26,9,,,PFF
378,C. Smyth,NO,K,26,8,,,PFF
379,K. Coleman Jr.,MIA,WR,138,6,,,PFF
380,R. Ali,BAL,RB,104,13,,,PFF
381,P. Mafah,DAL,RB,105,14,,,PFF
382,E. All,CIN,TE,46,6,,,PFF
383,G. Dortch,DET,WR,139,6,,,PFF
384,L. Treadwell,IND,WR,140,13,,,PFF
385,B. Smith,KC,RB,106,5,,2,PFF
386,M. Jones,SF,QB,42,8,,,PFF
387,N. Westbrook-Ikhine,IND,WR,141,13,,1,PFF
388,R. Virgil,ARI,WR,142,14,,,PFF
389,I. Guerendo,SF,RB,107,8,,1,PFF
390,J. Joly,DEN,TE,47,10,,,PFF
391,I. Williams,NYJ,WR,143,13,,,PFF
392,A. Dillon,CAR,RB,108,5,,,PFF
393,New York Giants DST,NYG,DEF,27,8,130.5,,PFF
394,R. Fitzgerald,CAR,K,27,5,,,PFF
395,K. Mumpfield,LAR,WR,144,11,,,PFF
396,J. Winston,NYG,QB,43,8,,,PFF
397,C. Allen,KC,WR,145,5,,,PFF
398,Z. Scott,MIN,RB,109,6,,,PFF
399,D. Bellinger,TEN,TE,48,9,,,PFF
400,J. Whittington,LAR,WR,146,11,,,PFF
401,D. Moore,CAR,WR,147,5,,,PFF
402,J. Flacco,CIN,QB,44,6,,,PFF
403,M. Benson,LV,WR,148,13,,,PFF
404,T. Badie,DEN,RB,110,10,,,PFF
405,J. Taylor,JAX,RB,111,7,,,PFF
406,B. Melton,GB,WR,149,11,,,PFF
407,M. Klare,LAR,TE,49,11,,,PFF
408,Miami Dolphins DST,MIA,DEF,28,6,,,PFF
409,M. Gay,LV,K,28,13,,,PFF
410,C. Daniels,LAR,WR,150,11,,,PFF
411,J. Cameron,JAX,WR,151,7,,,PFF
412,J. McNichols,WAS,RB,112,7,,,PFF
413,T. Lance,LAC,QB,45,7,,,PFF
414,D. Lovett,DET,WR,152,6,,,PFF
415,A. Estime,NO,RB,113,8,,1,PFF
416,J. Hawes,BUF,TE,50,7,,,PFF
417,B. Aiyuk,SF,WR,153,8,,3,PFF
418,J. Williams,TB,RB,114,10,,,PFF
419,C. Tillman,CLE,WR,154,11,,3,PFF
420,T. Bagent,CHI,QB,46,10,,,PFF
421,J. Metchie III,CAR,WR,155,5,,1,PFF
422,Washington Commanders DST,WAS,DEF,29,7,,,PFF
423,Z. Gonzalez,MIA,K,29,6,,,PFF
424,E. Gray,NYG,RB,115,8,,,PFF
425,N. Fant,NO,TE,51,8,,,PFF
426,K. Wetjen,PIT,WR,156,9,,,PFF
427,K. Nwangwu,NYJ,RB,116,13,,,PFF
428,B. Brown,NO,WR,157,8,,,PFF
429,O. Beckham Jr.,NYG,WR,158,8,,,PFF
430,T. Huntley,BAL,QB,47,13,,,PFF
431,F. Gore Jr.,BUF,RB,117,7,,,PFF
432,V. Jefferson,WAS,WR,159,7,,,PFF
433,B. Sinnott,WAS,TE,52,7,,,PFF
434,J. McLaughlin,DEN,RB,118,10,,1,PFF
435,J. Mingo,DAL,WR,160,14,,,PFF
436,D. Robinson,SF,WR,161,8,,,PFF
437,Las Vegas Raiders DST,LV,DEF,30,13,,,PFF
438,A. Szmyt,CLE,K,30,11,,,PFF
439,D. Cooper,PHI,WR,162,10,,,PFF
440,D. Mills,HOU,QB,48,8,,,PFF
441,P. Strong Jr.,GB,RB,119,11,,,PFF
442,T. Higbee,LAR,TE,53,11,,,PFF
443,J. Walker,CHI,WR,163,10,,,PFF
444,B. Knight,ARI,RB,120,14,,,PFF
445,J. Bobo,SEA,WR,164,11,,,PFF
446,J. Cowing,SF,WR,165,8,,,PFF
447,J. Stidham,DEN,QB,49,10,,,PFF
448,J. Wilson,PHI,WR,166,10,,,PFF
449,M. Carter,TEN,RB,121,9,,,PFF
450,W. Kacmarek,MIA,TE,54,6,,,PFF
451,T. Patrick,NYJ,WR,167,13,,,PFF
452,New York Jets DST,NYJ,DEF,31,13,,,PFF
453,C. Ryland,ARI,K,31,14,,,PFF
454,J. Saylors,DET,RB,122,6,,,PFF
455,M. Price,MIN,WR,168,6,,,PFF
456,X. Weaver,ARI,WR,169,14,,,PFF
457,N. Carter,ATL,RB,123,11,,,PFF
458,N. Mullens,JAX,QB,50,7,,,PFF
459,O. Delp,NO,TE,55,8,,,PFF
460,K. Milton,CIN,RB,124,6,,,PFF
461,D. Drummond,ATL,WR,170,11,,,PFF
462,A. Gould,IND,WR,171,13,,,PFF
463,L. Wester,BAL,WR,172,13,,,PFF
464,W. Howard,PIT,QB,51,9,,,PFF
465,T. Jennings,NE,RB,125,11,,,PFF
466,E. Henderson Jr.,SEA,WR,173,11,,,PFF
467,A. Hooper,ATL,TE,56,11,,,PFF
468,Arizona Cardinals DST,ARI,DEF,32,14,,,PFF
469,C. York,NYJ,K,32,13,,,PFF
470,C. Williams,JAX,WR,174,7,,,PFF
471,H. Luepke,DAL,RB,126,14,,,PFF
472,L. McCaffrey,WAS,WR,175,7,,,PFF
473,J. Horn Jr.,CAR,WR,176,5,,,PFF
474,J. Browning,TB,QB,52,10,,,PFF
475,E. Higgins,ARI,TE,57,14,,,PFF
476,K. Juszczyk,SF,RB,127,8,,,PFF
477,T. Shavers,BUF,WR,177,7,,,PFF
478,D. Burks,IND,WR,178,13,,,PFF
479,D. Dallas,JAX,RB,128,7,,,PFF
480,D. Davis,LAC,WR,179,7,,,PFF
481,E. Raridon,NE,TE,58,11,,,PFF
482,A. Smith,NYJ,WR,180,13,,,PFF
483,T. DeVito,NE,QB,53,11,,,PFF
484,D. Sills V,TB,WR,181,10,,,PFF
485,D. Lock,SEA,QB,54,11,,,PFF
486,T. Koziol,JAX,TE,59,7,,,PFF
487,B. Skowronek,PIT,WR,182,9,,,PFF
488,T. Bridgewater,DET,QB,55,6,,,PFF
489,X. Restrepo,TEN,WR,183,9,,,PFF
490,K. Allen,BUF,QB,56,7,,,PFF
491,M. Klein,HOU,TE,60,8,,,PFF
492,D. Bell,MIN,WR,184,6,,,PFF
493,S. Rattler,NO,QB,57,8,,,PFF
494,M. Valdes-Scantling,DAL,WR,185,14,,1,PFF
495,J. Whyle,GB,TE,61,11,,,PFF
496,T. McKee,PHI,QB,58,10,,,PFF
497,J. Smith-Schuster,NYG,WR,186,8,,,PFF
498,J. Milton III,DAL,QB,59,14,,,PFF
499,E. Moore,PHI,WR,187,10,,1,PFF
500,M. Hibner,BAL,TE,62,13,,,PFF
501,C. Klubnik,NYJ,QB,60,13,,,PFF
502,E. Chism III,NE,WR,188,11,,2,PFF
503,L. Bond,HOU,WR,189,8,,,PFF
504,K. Pickett,CAR,QB,61,5,,,PFF
505,N. Boerkircher,JAX,TE,63,7,,,PFF
506,M. Corley,CLE,WR,190,11,,,PFF
507,R. Leonard,IND,QB,62,13,,,PFF
508,J. Watkins,SF,WR,191,8,,,PFF
509,S. Roush,CHI,TE,64,10,,,PFF
510,G. Minshew,ARI,QB,63,14,,,PFF
511,J. Watson,HOU,WR,192,8,,,PFF
512,T. Taylor,GB,QB,64,11,,,PFF
